2;1030001;FRAG.ALT.  X 30 ML. Nº01;-10;16.6;1;2012-03-14
5;1030003;FRAG. ALT. X 30 ML Nº03;-5;16.6;1;2012-03-14
6;1030004;FRAG. ALT. X 30 ML Nº04;-4;16.6;1;2012-03-14
7;1030005;FRAG. ALT. X 30 ML Nº05;0;16.6;1;2012-03-14
8;1030007;FRAG. ALT. X 30 ML Nº07;-4;16.6;1;2012-03-14
9;1030009;FRAG. ALT. X 30 ML Nº09;-3;16.6;1;2012-03-14
10;1030010;FRAG. ALT. X 30 ML Nº10;-3;16.6;1;2012-03-14
11;1030011;FRAG. ALT. X 30 ML Nº11;-3;16.6;1;2012-03-14
12;1030012;FRAG. ALT. X 30 ML Nº12;0;16.6;1;2012-03-14
13;1030013;FRAG. ALT. X 30 ML Nº13;0;16.6;1;2012-03-14
14;1030015;FRAG. ALT. X 30 ML Nº15;0;16.6;1;2012-03-14
15;1030017;FRAG. ALT. X 30 ML Nº17;0;16.6;1;2012-03-14
16;1030018;FRAG. ALT. X 30 ML Nº18;-4;16.6;1;2012-03-14
17;1030019;FRAG. ALT. X 30 ML Nº19;-4;16.6;1;2012-03-14
18;1030020;FRAG. ALT. X 30 ML. Nº20;0;16.6;1;2012-03-14
19;1030021;FRAG. ALT. X 30 ML. Nº21;-2;16.6;1;2012-03-14
20;1030022;FRAG. ALT. X 30 ML. Nº22;-3;16.6;1;2012-03-14
21;1030023;FRAG. ALT. X 30 ML. Nº23;0;16.6;1;2012-03-14
22;1030024;FRAG. ALT. X 30 ML. Nº24;-8;16.6;1;2012-03-14
23;1030025;FRAG. ALT. X 30 ML. Nº25;0;16.6;1;2012-03-14
24;1030026;FRAG. ALT. X 30 ML. Nº26;0;16.6;1;2012-03-14
25;1030027;FRAG. ALT. X 30 ML. Nº27;-2;16.6;1;2012-03-14
26;1030028;FRAG. ALT. X 30 ML. Nº28;-4;16.6;1;2012-03-14
27;1030029;FRAG. ALT. X 30 ML. Nº29;-4;16.6;1;2012-03-14
28;1030030;FRAG. ALT. X 30 ML. Nº30;-12;16.6;1;2012-03-14
29;1030031;FRAG. ALT. X 30 ML. Nº31;-1;16.6;1;2012-03-14
30;1030032;FRAG. ALT. X 30 ML. Nº32;0;16.6;1;2012-03-14
31;1030033;FRAG. ALT. X 30 ML. Nº33;0;16.6;1;2012-03-14
32;1030034;FRAG. ALT. X 30 ML. Nº34;-3;16.6;1;2012-03-14
33;1030035;FRAG. ALT. X 30 ML. Nº35;-3;16.6;1;2012-03-14
34;1030036;FRAG. ALT. X 30 ML. Nº36;-10;16.6;1;2012-03-14
35;1030037;FRAG. ALT. X 30 ML. Nº37;0;16.6;1;2012-03-14
36;1030038;FRAG. ALT. X 30 ML. Nº38;0;16.6;1;2012-03-14
37;1030039;FRAG. ALT. X 30 ML. Nº39;-4;16.6;1;2012-03-14
38;1030040;FRAG. ALT. X 30 ML. Nº40;-3;16.6;1;2012-03-14
39;1030042;FRAG. ALT. X 30 ML. Nº42;0;16.6;1;2012-03-14
40;1030044;FRAG. ALT. X 30 ML. Nº44;0;16.6;1;2012-03-14
41;1030045;FRAG. ALT. X 30 ML. Nº45;0;16.6;1;2012-03-14
42;1030048;FRAG. ALT. X 30 ML. Nº48;0;16.6;1;2012-03-14
43;1030049;FRAG. ALT. X 30 ML. Nº49;0;16.6;1;2012-03-14
44;1030050;FRAG. ALT. X 30 ML. Nº50;-3;16.6;1;2012-03-14
45;1030052;FRAG. ALT. X 30 ML. Nº52;-1;16.6;1;2012-03-14
46;1030054;FRAG. ALT. X 30 ML. Nº54;-5;16.6;1;2012-03-14
47;1030055;FRAG. ALT. X 30 ML. Nº55;-4;16.6;1;2012-03-14
48;1030056;FRAG. ALT. X 30 ML. Nº56;0;16.6;1;2012-03-14
49;1030057;FRAG. ALT. X 30 ML. Nº57;-1;16.6;1;2012-03-14
50;1030058;FRAG. ALT. X 30 ML. Nº58;-3;16.6;1;2012-03-14
51;1030059;FRAG. ALT. X 30 ML. Nº59;0;16.6;1;2012-03-14
52;1030060;FRAG. ALT. X 30 ML. Nº60;0;16.6;1;2012-03-14
53;1030062;FRAG. ALT. X 30 ML. Nº62;-11;16.6;1;2012-03-14
3;1030064;FRAG. ALT. X 30 ML Nº64;0;16.6;1;2012-03-14
1;1030065;FRAG. ALT. X 30 ML. Nº 65;-10;16.6;1;2012-03-14
54;1030066;FRAG. ALT. X 30 ML. Nº66;-2;16.6;1;2012-03-14
56;1030067;FRAG. ALT. X 30 ML. Nº67;0;16.6;1;2012-03-14
4;1030068;FRAG. ALT. X 30 ML Nº68;-2;16.6;1;2012-03-14
57;1030069;FRAG. ALT. X 30 ML. Nº69;-2;16.6;1;2012-03-14
58;1030070;FRAG. ALT. X 30 ML. Nº70;0;16.6;1;2012-03-14
59;1030071;FRAG. ALT. X 30 ML. Nº71;-3;16.6;1;2012-03-14
60;1030072;FRAG. ALT. X 30 ML. Nº72;0;16.6;1;2012-03-14
61;1030073;FRAG. ALT. X 30 ML. Nº73;-5;16.6;1;2012-03-14
62;1030074;FRAG. ALT. X 30 ML. Nº74;0;16.6;1;2012-03-14
63;1030075;FRAG. ALT. X 30 ML. Nº75;-2;16.6;1;2012-03-14
64;1030076;FRAG. ALT. X 30 ML. Nº76;-7;16.6;1;2012-03-14
65;1030077;FRAG. ALT. X 30 ML. Nº77;0;16.6;1;2012-03-14
66;1030079;FRAG. ALT. X 30 ML. Nº79;0;16.6;1;2012-03-14
67;1030080;FRAG. ALT. X 30 ML. Nº80;-1;16.6;1;2012-03-14
68;1030081;FRAG. ALT. X 30 ML. Nº81;-4;16.6;1;2012-03-14
69;1030082;FRAG. ALT. X 30 ML. Nº82;0;16.6;1;2012-03-14
70;1030083;FRAG. ALT. X 30 ML. Nº83;0;16.6;1;2012-03-14
71;1030084;FRAG. ALT. X 30 ML. Nº84;0;16.6;1;2012-03-14
72;1030085;FRAG. ALT. X 30 ML. Nº85;0;16.6;1;2012-03-14
73;1030086;FRAG. ALT. X 30 ML. Nº86;0;16.6;1;2012-03-14
74;1030087;FRAG. ALT. X 30 ML. Nº87;-7;16.6;1;2012-03-14
75;1030088;FRAG. ALT. X 30 ML. Nº88;-1;16.6;1;2012-03-14
76;1030089;FRAG. ALT. X 30 ML. Nº89;0;16.6;1;2012-03-14
77;1030090;FRAG. ALT. X 30 ML. Nº90;0;16.6;1;2012-03-14
78;1030091;FRAG. ALT. X 30 ML. Nº91;-5;16.6;1;2012-03-14
79;1030092;FRAG. ALT. X 30 ML. Nº92;-1;16.6;1;2012-03-14
80;1030093;FRAG. ALT. X 30 ML. Nº93;0;16.6;1;2012-03-14
81;1030096;FRAG. ALT. X 30 ML. Nº96;-1;16.6;1;2012-03-14
82;1030097;FRAG. ALT. X 30 ML. Nº97;-1;16.6;1;2012-03-14
83;1030098;FRAG. ALT. X 30 ML. Nº98;0;16.6;1;2012-03-14
84;1030099;FRAG. ALT. X 30 ML. Nº99;-5;16.6;1;2012-03-14
85;1030100;FRAG. ALT. X 30 ML. Nº100;-4;16.6;1;2012-03-14
86;1030101;FRAG. ALT. X 30 ML. Nº101;0;16.6;1;2012-03-14
87;1030102;FRAG. ALT. X 30 ML. Nº102;0;16.6;1;2012-03-14
88;1030103;FRAG. ALT. X 30 ML. Nº103;-1;16.6;1;2012-03-14
89;1030104;FRAG. ALT. X 30 ML. Nº104;-1;16.6;1;2012-03-14
90;1030105;FRAG. ALT. X 30 ML. Nº105;-1;16.6;1;2012-03-14
91;1030106;FRAG. ALT. X 30 ML. Nº106;0;16.6;1;2012-03-14
92;1030108;FRAG. ALT. X 30 ML. Nº108;0;16.6;1;2012-03-14
93;1030109;FRAG. ALT. X 30 ML. Nº109;-3;16.6;1;2012-03-14
94;1030110;FRAG. ALT. X 30 ML. Nº110;0;16.6;1;2012-03-14
95;1030111;FRAG. ALT. X 30 ML. Nº111;0;16.6;1;2012-03-14
96;1030112;FRAG. ALT. X 30 ML. Nº112;-1;16.6;1;2012-03-14
97;1030113;FRAG. ALT. X 30 ML. Nº113;-3;16.6;1;2012-03-14
98;1030114;FRAG. ALT. X 30 ML. Nº114;0;16.6;1;2012-03-14
99;1030115;FRAG. ALT. X 30 ML. Nº115;0;16.6;1;2012-03-14
100;1030116;FRAG. ALT. X 30 ML. Nº116;-1;16.6;1;2012-03-14
101;1030117;FRAG. ALT. X 30 ML. Nº117;-9;16.6;1;2012-03-14
102;1030118;FRAG. ALT. X 30 ML. Nº118;-1;16.6;1;2012-03-14
103;1030119;FRAG. ALT. X 30 ML. Nº119;0;16.6;1;2012-03-14
104;1030120;FRAG. ALT. X 30 ML. Nº120;-1;16.6;1;2012-03-14
105;1030121;FRAG. ALT. X 30 ML. Nº121;-4;16.6;1;2012-03-14
106;1030122;FRAG. ALT. X 30 ML. Nº122;-3;16.6;1;2012-03-14
107;1030123;FRAG. ALT. X 30 ML. Nº123;-1;16.6;1;2012-03-14
108;1030124;FRAG. ALT. X 30 ML. Nº124;-1;16.6;1;2012-03-14
109;1030125;FRAG. ALT. X 30 ML. Nº125;-5;16.6;1;2012-03-14
110;1030126;FRAG. ALT. X 30 ML. Nº126;-2;16.6;1;2012-03-14
111;1030127;FRAG. ALT. X 30 ML. Nº127;0;16.6;1;2012-03-14
112;1030128;FRAG. ALT. X 30 ML. Nº128;0;16.6;1;2012-03-14
113;1030129;FRAG. ALT. X 30 ML. Nº129;0;16.6;1;2012-03-14
114;1030130;FRAG. ALT. X 30 ML. Nº130;-1;16.6;1;2012-03-14
115;1030131;FRAG. ALT. X 30 ML. Nº131;-1;16.6;1;2012-03-14
116;1030132;FRAG. ALT. X 30 ML. Nº132;-1;16.6;1;2012-03-14
117;1030133;FRAG. ALT. X 30 ML. Nº133;-2;16.6;1;2012-03-14
118;1030134;FRAG. ALT. X 30 ML. Nº134;0;16.6;1;2012-03-14
119;1030135;FRAG. ALT. X 30 ML. Nº135;0;16.6;1;2012-03-14
120;1030136;FRAG. ALT. X 30 ML. Nº136;0;16.6;1;2012-03-14
121;1030137;FRAG. ALT. X 30 ML. Nº137;-5;16.6;1;2012-03-14
123;1030138;FRAG. ALT. X 30 ML. Nº138;0;16.6;1;2012-03-14
122;1030139;FRAG. ALT. X 30 ML. Nº139;0;16.6;1;2012-03-14
124;1030140;FRAG. ALT. X 30 ML. Nº140;0;16.6;1;2012-03-14
125;1030141;FRAG. ALT. X 30 ML. Nº141;0;16.6;1;2012-03-14
126;1030142;FRAG. ALT. X 30 ML. Nº142;0;16.6;1;2012-03-14
127;1030143;FRAG. ALT. X 30 ML. Nº143;-2;16.6;1;2012-03-14
128;1030144;FRAG. ALT. X 30 ML. Nº144;-8;16.6;1;2012-03-14
129;1030145;FRAG. ALT. X 30 ML. Nº145;-6;16.6;1;2012-03-14
130;1060001;FRAG. ALT. X 60 ML. Nº01;-13;21.9;1;2012-03-14
131;1060002;FRAG. ALT. X 60 ML. Nº02;0;21.8;1;2012-03-14
132;1060003;FRAG. ALT. X 60 ML. Nº03;-4;21.9;1;2012-03-14
133;1060004;FRAG. ALT. X 60 ML. Nº04;-13;21.9;1;2012-03-14
134;1060005;FRAG. ALT. X 60 ML. Nº05;-1;21.8;1;2012-03-14
135;1060006;FRAG. ALT. X 60 ML. Nº06;-8;21.9;1;2012-03-14
136;1060007;FRAG. ALT. X 60 ML. Nº07;-7;21.9;1;2012-03-14
137;1060008;FRAG. ALT. X 60 ML. Nº08;0;21.8;1;2012-03-14
138;1060009;FRAG. ALT. X 60 ML. Nº09;-4;21.8;1;2012-03-14
139;1060010;FRAG. ALT. X 60 ML. Nº10;-5;21.8;1;2012-03-14
140;1060011;FRAG. ALT. X 60 ML. Nº11;0;21.8;1;2012-03-14
141;1060012;FRAG. ALT. X 60 ML. Nº12;-2;21.8;1;2012-03-14
142;1060013;FRAG. ALT. X 60 ML. Nº13;-1;21.9;1;2012-03-14
143;1060014;FRAG. ALT. X 60 ML. Nº14;-1;21.9;1;2012-03-14
144;1060015;FRAG. ALT. X 60 ML. Nº15;-1;21.9;1;2012-03-14
145;1060016;FRAG. ALT. X 60 ML. Nº16;-1;21.8;1;2012-03-14
146;1060017;FRAG. ALT. X 60 ML. Nº17;-1;21.8;1;2012-03-14
147;1060018;FRAG. ALT. X 60 ML. Nº18;-5;21.9;1;2012-03-14
148;1060019;FRAG. ALT. X 60 ML. Nº19;-6;21.9;1;2012-03-14
149;1060020;FRAG. ALT. X 60 ML. Nº20;0;21.8;1;2012-03-14
150;1060021;FRAG. ALT. X 60 ML. Nº21;-4;21.8;1;2012-03-14
151;1060022;FRAG. ALT. X 60 ML. Nº22;0;21.8;1;2012-03-14
152;1060023;FRAG. ALT. X 60 ML. Nº 23;0;21.8;1;2012-03-14
153;1060024;FRAG. ALT. X 60 ML. Nº 24 ;-14;21.9;1;2012-03-14
154;1060025;FRAG. ALT. X 60 ML. Nº 25;-3;21.9;1;2012-03-14
155;1060026;FRAG. ALT. X 60 ML. Nº 26;0;21.8;1;2012-03-14
156;1060027;FRAG. ALT. X 60 ML. Nº 27 ;-2;21.8;1;2012-03-14
157;1060028;FRAG. ALT. X 60 ML. Nº 28 ;-1;21.9;1;2012-03-14
158;1060029;FRAG. ALT. X 60 ML. Nº 29 ;-12;21.9;1;2012-03-14
159;1060030;FRAG. ALT. X 60 ML. Nº 30 ;-9;21.9;1;2012-03-14
160;1060031;FRAG. ALT. X 60 ML. Nº 31 ;-5;21.9;1;2012-03-14
161;1060032;FRAG. ALT. X 60 ML. Nº 32;-2;21.9;1;2012-03-14
162;1060033;FRAG. ALT- X 60 ML. Nº 33;-1;21.9;1;2012-03-14
163;1060034;FRAG. ALT. X 60 ML. Nº 34;0;21.8;1;2012-03-14
164;1060035;FRAG. ALT. X 60 ML. Nº 35;-5;21.8;1;2012-03-14
165;1060036;FRAG. ALT. X 60 ML. Nº 36 ;-20;21.9;1;2012-03-14
166;1060037;FRAG. ALT. X 60 ML. Nº 37;0;21.8;1;2012-03-14
167;1060038;FRAG. ALT. X 60 ML. Nº 38;-1;21.8;1;2012-03-14
168;1060039;FRAG. ALT. X 60 ML. Nº 39;0;21.8;1;2012-03-14
169;1060040;FRAG. ALT. X 60 ML. Nº 40;-8;21.9;1;2012-03-14
170;1060041;FRAG. ALT. X 60 ML. Nº 41;-1;21.9;1;2012-03-14
171;1060042;FRAG. ALT. X 60 ML. Nº 42;0;21.8;1;2012-03-14
218;1060043;FRAG. ALT. X 60 ML. Nº43;0;21.8;1;2012-03-14
173;1060044;FRAG. ALT. X 60 ML. Nº 44;-3;21.8;1;2012-03-14
174;1060045;FRAG. ALT. X 60 ML. Nº 45;0;21.8;1;2012-03-14
175;1060047;FRAG. ALT. X 60 ML. Nº 47;0;21.8;1;2012-03-14
176;1060048;FRAG. ALT. X 60 ML. Nº 48;-2;21.8;1;2012-03-14
177;1060049;FRAG. ALT. X 60 ML. Nº 49;0;21.8;1;2012-03-14
180;1060050;FRAG. ALT. X 60 ML. Nº 50;-3;21.8;1;2012-03-14
179;1060051;FRAG. ALT. X 60 ML. Nº 51;0;21.8;1;2012-03-14
178;1060052;FRAG. ALT. X 60 ML. Nº 52;-2;21.9;1;2012-03-14
181;1060053;FRAG. ALT. X 60 ML. Nº 53;0;21.8;1;2012-03-14
182;1060054;FRAG. ALT. X 60 ML. Nº 54;-6;21.9;1;2012-03-14
183;1060055;FRAG. ALT. X 60 ML. Nº 55;-10;21.9;1;2012-03-14
184;1060056;FRAG. ALT. X 60 ML. Nº 56;0;21.8;1;2012-03-14
185;1060057;FRAG. ALT. X 60 ML. Nº 57;0;21.8;1;2012-03-14
186;1060058;FRAG. ALT. X 60 ML. Nº 58;-3;21.9;1;2012-03-14
187;1060059;FRAG. ALT. X 60 ML. Nº 59;0;21.8;1;2012-03-14
188;1060060;FRAG. ALR. X 60 ML. Nº 60 ;0;21.8;1;2012-03-14
189;1060061;FRAG. ALT. X 60 ML. Nº 61;0;21.8;1;2012-03-14
190;1060062;FRAG. ALT. X 60 ML. Nº 62 ;-22;21.9;1;2012-03-14
191;1060063;FRAG. ALT. X 60 ML. Nº 63;-4;21.9;1;2012-03-14
192;1060064;FRAG. ALT. X 60 ML. Nº 64 ;-4;21.9;1;2012-03-14
193;1060065;FRAG. ALT. X 60 ML. Nº 65;-14;21.9;1;2012-03-14
194;1060066;FRAG. ALT. X 60 ML. Nº 66;-7;21.9;1;2012-03-14
195;1060067;FRAG. ALT. X 60 ML. Nº 67;-1;21.9;1;2012-03-14
196;1060068;FRAG. ALT. X 60 ML. Nº 68;0;21.8;1;2012-03-14
197;1060069;FRAG. ALT. X 60 ML. Nº 69;0;21.8;1;2012-03-14
206;1060070;FRAG- ALT- X 60 ML. Nº 70;0;21.8;1;2012-03-14
207;1060071;FRAG. ALT. X 60 ML. Nº 71;-13;21.9;1;2012-03-14
208;1060072;FRAG. ALT. X 60 ML. Nº 72;0;21.8;1;2012-03-14
209;1060073;FRAG. ALT. X 60 ML. Nº 73;-8;21.9;1;2012-03-14
210;1060074;FRAG. ALT. X 60 ML. Nº 74;-1;21.9;1;2012-03-14
211;1060075;FRAG. ALT. X 60 ML. Nº 75 ;-1;21.8;1;2012-03-14
212;1060076;FRAG. ALT. X 60 ML. Nº 76;-19;21.9;1;2012-03-14
213;1060077;FRAG. ALT. X 60 ML. Nº 77;0;21.8;1;2012-03-14
214;1060078;FRAG. ALT. X 60 ML. Nº 78;0;21.8;1;2012-03-14
215;1060079;FRAG. ALT. X 60 ML. Nº 79;0;21.8;1;2012-03-14
216;1060080;FRAG. ALT. X 60 ML. Nº 80;-11;21.9;1;2012-03-14
217;1060081;FRAG. ALT. X 60 ML. Nº 81;-20;21.9;1;2012-03-14
219;1060082;FRAG. ALT. X 60 ML. Nº82;0;21.8;1;2012-03-14
220;1060083;FRAG. ALT. X 60 ML. Nº83;-3;21.8;1;2012-03-14
221;1060084;FRAG. ALT. X 60 ML. Nº84;-1;21.9;1;2012-03-14
222;1060085;FRAG. ALT. X 60 ML. Nº85;-2;21.8;1;2012-03-14
223;1060086;FRAG. ALT. X 60 ML. Nº86;0;21.8;1;2012-03-14
224;1060087;FRAG. ALT. X 60 ML. Nº87;-11;21.9;1;2012-03-14
225;1060088;FRAG. ALT. X 60 ML. Nº88;0;21.8;1;2012-03-14
226;1060089;FRAG. ALT. X 60 ML. Nº89;0;21.8;1;2012-03-14
227;1060090;FRAG. ALT. X 60 ML. Nº90;0;21.8;1;2012-03-14
228;1060091;FRAG. ALT. X 60 ML. Nº91;-5;21.9;1;2012-03-14
229;1060092;FRAG. ALT. X 60 ML. Nº92;-3;21.9;1;2012-03-14
230;1060093;FRAG. ALT. X 60 ML. Nº93;-1;21.8;1;2012-03-14
231;1060094;FRAG. ALT. X 60 ML. Nº94;0;21.8;1;2012-03-14
232;1060095;FRAG. ALT. X 60 ML. Nº95;-3;21.9;1;2012-03-14
233;1060096;FRAG. ALT. X 60 ML. Nº96;-4;21.9;1;2012-03-14
234;1060097;FRAG. ALT. X 60 ML. Nº97;0;21.8;1;2012-03-14
235;1060098;FRAG. ALT. X 60 ML. Nº98;-1;21.8;1;2012-03-14
236;1060099;FRAG. ALT. X 60 ML. Nº99;-5;21.9;1;2012-03-14
237;1060100;FRAG. ALT. X 60 ML. Nº100;-5;21.9;1;2012-03-14
238;1060101;FRAG. ALT. X 60 ML. Nº101;-2;21.9;1;2012-03-14
239;1060102;FRAG. ALT. X 60 ML. Nº102;-1;21.8;1;2012-03-14
240;1060103;FRAG. ALT. X 60 ML. Nº103;-3;21.8;1;2012-03-14
241;1060104;FRAG. ALT. X 60 ML. Nº104;-3;21.9;1;2012-03-14
242;1060105;FRAG. ALT. X 60 ML. Nº105;-3;21.8;1;2012-03-14
243;1060106;FRAG. ALT. X 60 ML. Nº106;0;21.8;1;2012-03-14
244;1060107;FRAG. ALT. X 60 ML. Nº107;0;21.8;1;2012-03-14
245;1060108;FRAG. ALT. X 60 ML. Nº108;-1;21.8;1;2012-03-14
246;1060109;FRAG. ALT. X 60 ML. Nº109;-3;21.8;1;2012-03-14
247;1060110;FRAG. ALT. X 60 ML. Nº110;-4;21.8;1;2012-03-14
248;1060111;FRAG. ALT. X 60 ML. Nº111;0;21.8;1;2012-03-14
249;1060112;FRAG. ALT. X 60 ML. Nº112;0;21.8;1;2012-03-14
250;1060113;FRAG. ALT. X 60 ML. Nº113;-3;21.8;1;2012-03-14
251;1060114;FRAG. ALT. X 60 ML. Nº114;0;21.8;1;2012-03-14
252;1060115;FRAG. ALT. X 60 ML. Nº115;-1;21.8;1;2012-03-14
253;1060116;FRAG. ALT. X 60 ML. Nº116;-1;21.9;1;2012-03-14
254;1060117;FRAG. ALT. X 60 ML. Nº117;-15;21.9;1;2012-03-14
255;1060118;FRAG. ALT. X 60 ML. Nº118;-1;21.9;1;2012-03-14
256;1060119;FRAG. ALT. X 60 ML. Nº119;-1;21.8;1;2012-03-14
257;1060120;FRAG. ALT. X 60 ML. Nº120;-1;21.8;1;2012-03-14
258;1060121;FRAG. ALT. X 60 ML. Nº121;-9;21.9;1;2012-03-14
259;1060122;FRAG. ALT. X 60 ML. Nº122;0;21.8;1;2012-03-14
260;1060123;FRAG. ALT. X 60 ML. Nº123;-2;21.9;1;2012-03-14
261;1060124;FRAG. ALT. X 60 ML. Nº124;-5;21.9;1;2012-03-14
262;1060125;FRAG. ALT. X 60 ML. Nº125;-3;21.8;1;2012-03-14
263;1060126;FRAG. ALT. X 60 ML. Nº126;-5;21.9;1;2012-03-14
264;1060127;FRAG. ALT. X 60 ML. Nº127;-5;21.9;1;2012-03-14
265;1060128;FRAG. ALT. X 60 ML. Nº128;-4;21.8;1;2012-03-14
266;1060129;FRAG. ALT. X 60 ML. Nº129;0;21.8;1;2012-03-14
55;1060130;FRAG. ALT. X 60 ML. Nº 130;0;21.8;1;2012-03-14
267;1060131;FRAG. ALT. X 60 ML. Nº131;0;21.8;1;2012-03-14
268;1060132;FRAG. ALT. X 60 ML. Nº132;-4;21.9;1;2012-03-14
269;1060133;FRAG. ALT. X 60 ML. Nº133;-2;21.8;1;2012-03-14
270;1060134;FRAG. ALT. X 60 ML. Nº134;-2;21.9;1;2012-03-14
271;1060135;FRAG. ALT. X 60 ML. Nº135;-1;21.8;1;2012-03-14
272;1060136;FRAG. ALT. X 60 ML. Nº136;-2;21.9;1;2012-03-14
273;1060137;FRAG. ALT. X 60 ML. Nº137;-8;21.9;1;2012-03-14
274;1060138;FRAG. ALT. X 60 ML. Nº138;0;21.8;1;2012-03-14
275;1060139;FRAG. ALT. X 60 ML. Nº139;-1;21.8;1;2012-03-14
276;1060140;FRAG. ALT. X 60 ML. Nº140;-2;21.8;1;2012-03-14
277;1060141;FRAG. ALT. X 60 ML. Nº141;0;21.8;1;2012-03-14
278;1060142;FRAG. ALT. X 60 ML. Nº142;-2;21.8;1;2012-03-14
279;1060143;FRAG. ALT. X 60 ML. Nº143;-3;21.8;1;2012-03-14
280;1060144;FRAG. ALT. X 60 ML. Nº144;-11;21.9;1;2012-03-14
281;1060145;FRAG. ALT. X 60 ML. Nº145;-5;21.9;1;2012-03-14
400;1110001;SWEET CAROLINA LIBRE;-1;20;1;2012-03-14
402;1110003;SWEET CAROLINA  VOS Y YO;-1;20;1;2012-03-14
472;1120001;BLACK ATTRACTIVE;-4;33.4;1;2012-03-14
634;1120002;BLACK SPORT ;-1;33.4;1;2012-03-14
633;1120003;BLAKC URBANO ;-1;33.4;1;2012-03-14
404;1140001;BONITA SECRET;0;26.7;1;2012-03-14
403;1140002;BONITA LOVE;-2;26.7;1;2012-03-14
676;1150101;FRINE ICE ;-4;27;1;2012-03-14
677;1150102;FRINE SUN;-1;17.5;1;2012-03-14
675;1150103;FRINE CRISTAL ;-1;17.5;1;2012-03-14
443;1501001;ETHIOPIA ;-1;27;1;2012-03-14
444;1503001;VAINILLA ;-1;36.7;1;2012-03-14
448;1504001;REMEMBER ;-1;20;1;2012-03-14
578;1504003;SERENITY;-2;26.7;1;2012-03-14
555;1505001;EGO;-3;33.4;1;2012-03-14
341;1507001;AIR 55ML. ;-3;33.4;1;2012-03-14
437;1508001;AMOR M ;-12;36.7;1;2012-03-14
349;1509001;LAS MIL Y UNA NOCHES ;-7;36.7;1;2012-03-14
445;1509002;FEZ;-4;36.7;1;2012-03-14
622;1510001;LEGEND;-2;33.4;1;2012-03-14
446;1512001;HAPPY ;-12;27;1;2012-03-14
447;1513001;BITACORA ;0;33.4;1;2012-03-14
378;1515001;BRISAS;-4;33.4;1;2012-03-14
288;5010001;JABÓN TOCADOR CONEJITO;-11;7.7;1;2012-03-14
287;5010002;JABÓN TOCADOR PATITO;-7;7.7;1;2012-03-14
289;5010003;JABÓN TOCADOR PERRITO;-9;7.7;1;2012-03-14
295;5010101;BAÑO LÍQUIDO;-1;12.3;1;2012-03-14
310;5031030;DEO CORPORAL Nº 30;-1;13.1;1;2012-03-14
462;5040001;JABÓN TRATANTE C/ ALOE VERA;0;11.6;1;2012-03-14
461;5040003;JABÓN TRATANTE ANTICELULÍTICO;-3;11.6;1;2012-03-14
728;5040004;JABON TRATANTE EXFOLIANTE;-2;11.6;1;2012-03-14
329;5056501;ALCOHOL EN GEL 75 ML. ;-4;7.7;1;2012-03-14
811;5057006;JABON LIQUIDO DE CEREZA ;-4;13.9;1;2012-03-14
663;5057008;REPUESTO JABON LIQUIDO ;-10;10;1;2012-03-14
641;5060001;CERA DEPILATORIA C/APLICADOR ;0;21.6;1;2012-03-14
786;5092001;ESPONJA SPA P/BAÑO Y MASAJES;-1;7.7;1;2012-03-14
756;5092003;PORTACEPILL0 DENTAL ;-3;7.7;1;2012-03-14
282;5100001;MANITOS AMARILLAS;-21;15.4;1;2012-03-14
204;5100002;MANITOS CELESTES ;-14;15.4;1;2012-03-14
283;5100003;MANITOS ROSAS;-21;15.4;1;2012-03-14
286;5100004;MANITOS ALGODÓN;-9;15.4;1;2012-03-14
284;5100005;MANITOS DUENDES;-5;15.4;1;2012-03-14
285;5100006;MANITOS SALVEMOS EL PLANETA;-6;15.4;1;2012-03-14
293;5101001;COLONIA PARA BEBÉ;-1;14.3;1;2012-03-14
298;5102001;STAR NENES;-20;13.1;1;2012-03-14
297;5102002;STAR NENAS;-22;13.1;1;2012-03-14
635;5110004;BRUMA CORPORAL MELOCOTON;0;15.4;1;2012-03-14
636;51100045;BRUMA CORPORAL PERA ;0;15.4;1;2012-03-14
637;5110006;BRUMA CORPORLA POMELO ;0;15.4;1;2012-03-14
205;5115002;GOBLIN NENES;-1;19.3;1;2012-03-14
294;5125001;ACEITE PARA BEBÉ;-3;10;1;2012-03-14
299;5127001;EMULCIÓN OLEO CALCÁREO;-4;9.3;1;2012-03-14
296;5128003;ANTIFIEBRE;-13;7.7;1;2012-03-14
300;5130001;KIT INFANTIL;-2;32;1;2012-03-14
384;5150009;MONEDERO ANIMAL PRINT;-4;6.2;1;2012-03-14
812;5150013;SOBRE KITY METALIZADO ;-2;23.1;1;2012-03-14
492;5250001;COLONIA AMBRÉ;-8;19.3;1;2012-03-14
537;5250002;COLONIA CAMPESTRE;-1;19.3;1;2012-03-14
538;5250003;COLONIA CIELO;-1;19.3;1;2012-03-14
536;5250005;COLONIA TIERRA;-1;19.3;1;2012-03-14
405;5301001;DEO CORPORAL Nº 01;-7;13.1;1;2012-03-14
423;5301003;DEO CORPORAL Nº 03;-2;13.1;1;2012-03-14
687;5301004;DEO CORPORAL Nº 04;-5;13.1;1;2012-03-14
406;5301007;DEO CORPORAL Nº 07;-5;13.1;1;2012-03-14
311;5301010;DEO CORPORAL Nº 10;-1;13.1;1;2012-03-14
309;5301018;DEO CORPORAL Nº 18;-5;13.1;1;2012-03-14
407;5301024;DEO CORPORAL Nº 24;-2;13.1;1;2012-03-14
421;5301027;DEO CORPORAL Nº 27;-1;13.1;1;2012-03-14
408;5301029;DEO CORPORAL Nº 29;-5;13.1;1;2012-03-14
692;5301030;DEO CORPORAL Nº 30;-1;13.1;1;2012-03-14
422;5301031;DEO CORPORAL Nº 31;-1;13.1;1;2012-03-14
308;5301036;DEO CORPORAL Nº 36;-5;13.1;1;2012-03-14
424;5301040;DEO CORPORAL Nº 40;-2;13.1;1;2012-03-14
418;5301044;DEO CORPORAL Nº 44;-1;13.1;1;2012-03-14
409;5301050;DEO CORPORAL Nº 50;-1;13.1;1;2012-03-14
417;5301057;DEO CORPORAL Nº 57;0;13.1;1;2012-03-14
410;5301065;DEO CORPORAL Nº 65;-3;13.1;1;2012-03-14
414;5301071;DEO CORPORAL Nº 71;-3;13.1;1;2012-03-14
419;5301073;DEO CORPORAL Nº 73;-2;13.1;1;2012-03-14
420;5301075;DEO CORPORAL Nº 75;-1;13.1;1;2012-03-14
415;5301076;DEO CORPORAL Nº 76;-1;13.1;1;2012-03-14
411;5301080;DEO CORPORAL Nº 80;-1;13.1;1;2012-03-14
412;5301081;DEO CORPORAL Nº 81;-5;13.1;1;2012-03-14
416;5301083;DEO CORPORAL Nº 83;-1;13.1;1;2012-03-14
413;5301132;DEO CORPORAL Nº 132;-3;13.1;1;2012-03-14
580;5320001;ANTITRASPIRANTE ROLL ON BLACK ATRACTIVE;-4;9.3;1;2012-03-14
608;5320002;ANTITRASPIRANTE BLACK SPORT;-1;9.3;1;2012-03-14
731;5320003;ROLL ON BLACK URBANO ;-2;9.3;1;2012-03-14
609;5320050;ANTOTRASPIRANTE EGO ;-2;9.3;1;2012-03-14
695;5350004;AFTER SHAVE FRAG. ALTER. ;-2;10;1;2012-03-14
638;5380001;SET DE REGALO - MANI GIFT BLACK ;0;65.4;1;2012-03-14
336;5701001;DESODORANTE 130 ML. ;-5;9.3;1;2012-03-14
691;5702002;TALCO EN CREMA CON LAVANDA ;-2;10.7;1;2012-03-14
639;5702003;CREMA POST-DEPILATORIA P/ROSTRO;-3;7.7;1;2012-03-14
640;5702004;CREMA DEPILATORIA P/ROSTRO ;-7;11.6;1;2012-03-14
598;5705001;CREMA REFRESCANTE;-4;10;1;2012-03-14
370;5706001;CREMA EXFOLIANTE PARA PIES ;-13;7.7;1;2012-03-14
730;5707001;GEL DESCONGESTIVO P/PIES;-2;9.3;1;2012-03-14
344;5708001;SAL PEDICA X 300g.;-2;11.6;1;2012-03-14
808;5790002;SEPARADOR DE DEDOS X 2;-3;7.7;1;2012-03-14
769;5790101;ESCOFINA PIECITO ;-1;7.7;1;2012-03-14
324;5790202;CEPILLO P/PIES 4 FUNCIONES ;-7;11.6;1;2012-03-14
322;5790203;PIEDRA POMEZ ESTRELLA ;-2;9.3;1;2012-03-14
680;5800001;REPELENTE EN CREMA ;-2;7.7;1;2012-03-14
804;5800101;REPELENTE PARA MOSQUITO SPLASH ;0;11.6;1;2012-03-14
508;16010001;EMULSION PARA MANOS Y CUERPO VIT. E;-14;17.9;1;2012-03-14
587;16010002;EMULSIÓN MANOS Y CUERPO MANTECA DE CACAO;-10;17.9;1;2012-03-14
666;16011001;CREMA PARA MANOS CUIDADOS INTENSIVOS ;-2;13.4;1;2012-03-14
307;16012001;CREMA MANOS Y UÑAS FORTALECEDORA C/VITA. E;-4;8.6;1;2012-03-14
319;16013001;CREMA MANOS (guante líquido) MARACUYÁ ;-2;5;1;2012-03-14
320;16013002;CREMA MANOS (guante liquido) DURAZNO Y MIEL ;-4;7.2;1;2012-03-14
321;16013003;CREMA MANOS (guante liquido)  ARROZ ;-2;6.8;1;2012-03-14
632;16020001;CREMA P/MANOS Y CUERPO YOGURT;-2;10;1;2012-03-14
627;16025003;CREMA DE ORDEÑE P/MANOS ;-4;14.3;1;2012-03-14
517;16030001;EMULSION CORPORAL PIEL NORMAL C/LECHE ;-3;15.8;1;2012-03-14
516;16031001;EMULSION CORPORAL PIEL SECA C/ALOE;-3;11;1;2012-03-14
450;16033001;MANTECA REGENERADORA AMAZO.;-2;16.7;1;2012-03-14
451;16033002;MANTECA REGENERADORA COCO;-1;16.7;1;2012-03-14
440;16040001;CREMA P/ESTRIAS ;-11;13.6;1;2012-03-14
441;16041001;CREMA P/CELULITIS ;-11;13.6;1;2012-03-14
454;16050001;CRENA DE LIMPIEZA 135g.;-2;18;1;2012-03-14
346;16051001;LECHE DE LIMPIEZA OJOS Y ROSTRO;-11;10.7;1;2012-03-14
314;16052001;TÓNICO ASTRINGENTE ;-12;9.3;1;2012-03-14
435;16053001;TONICO HIDRATANTE ;-9;10;1;2012-03-14
337;16053002;DESMAQUILLANTE 140ML. ;-14;11.4;1;2012-03-14
476;16060001;CREMA DESVANECEDORA DE MANCHAS FM;-11;12.5;1;2012-03-14
734;16061001;CREMA NUTRITIVA P/BUSTO ;0;21;1;2012-03-14
455;16070025;ANTIAGE +25;-1;20;1;2012-03-14
453;16071040;ANTIAGE +40;-2;20;1;2012-03-14
655;16072050;CREMA ANTIAGE + DE 50 AÑOS ;-3;21.5;1;2012-03-14
507;16075001;CREMA P/ MANOS FRAG. ALTER. CHANEL Nº 5;-4;8.6;1;2012-03-14
527;16075007;CREMA P/ MANOS FRAG. ALTER. ANAIS ANAIS;0;8;1;2012-03-14
526;16075010;CREMA P/ MANOS FRAG. ALTER. AMARIGE;-1;8;1;2012-03-14
529;16075036;CREMA P/ MANOS FRAG. ALTER. 212;-2;8.6;1;2012-03-14
525;16075050;CREMA P/ MANOS FRAG. ALTER. PARFUM D' ETE;0;8;1;2012-03-14
528;16075062;CREMA P/ MANOS FRAG. ALTER. FLOWER;0;8;1;2012-03-14
530;16076003;CREMA P/ MANOS FRAG. EXCLU. VAINILLA;-1;8;1;2012-03-14
611;16080001;CREMA-GEL REJUVENECEDORA ;-5;14.7;1;2012-03-14
452;16090001;CONTORN DE OJOS ANTIAGE;-4;24;1;2012-03-14
345;16100001;CREMA BLANQUEADORA C/LIMON;-14;14;1;2012-03-14
317;16110001;CREMA 3 EN 1 PTOFUNDA ;-3;23.4;1;2012-03-14
316;16111001;CREMA EXFOLIANTE ROSTRO ;-3;16.7;1;2012-03-14
678;16122001;CREMA HIDRATANTE INTENSIVA ;-2;16.7;1;2012-03-14
497;16123001;TRATAMIENTO FACIAL ESCULTOR;-2;21;1;2012-03-14
334;16130001;GEL DESCONGESTIVO P/PARPADOS ;-11;17.9;1;2012-03-14
593;16140001;CREMA DE ORDEÑE BABA CARACOL;-4;8;1;2012-03-14
594;16141001;CREMA HIDRATANTE P/ ROSTRO BABA CARACOL;-6;14.3;1;2012-03-14
543;16151001;CREMA CORPORAL OLIVA;-1;10;1;2012-03-14
523;16160001;CREMA HIDRATANTE CDOLD CREAM;-3;10;1;2012-03-14
751;16170003;GEL EXFOLIANTE ;-3;14.3;1;2012-03-14
306;16200001;CREMA CORPORAL JAPANESE ;-2;13.4;1;2012-03-14
533;16201002;PULPA HIDRATANTE CORP. CASTAÑA;-6;17.9;1;2012-03-14
535;16202001;CREMA P/ MANOS GRANADA / CASTAÑA;0;10;1;2012-03-14
534;16202002;EMULSIÓN CORPORAL GRANADA;0;13.4;1;2012-03-14
595;16303001;GEL DE LIMPIEZA;-8;10.7;1;2012-03-14
430;16305004;ANTIFAZ RELAX CON GEL ;-7;13.9;1;2012-03-14
664;16500001;CREMA REDUCTORA Y MODELADORA ESCULPE ;-31;21.4;1;2012-03-14
488;16804002;AUTOBRONCEANTE;-2;19.5;1;2012-03-14
524;16805002;EMULGEL POST SOLAR;-1;13.4;1;2012-03-14
600;16806025;POTECTOR SOLAR EN CREMA 25;-1;27;1;2012-03-14
760;16807025;BRONCEADOR SPRAY F15;-1;23.1;1;2012-03-14
599;17010001;SHAMPOO BALANCING COLOR EVOLUTION;-1;10.8;1;2012-03-14
757;17010003;SHAMPOO BALANCING NUTRITION ;-1;10.8;1;2012-03-14
696;17010004;SHAMPOO BALANCING EXTRABRILLO;-1;10.8;1;2012-03-14
699;17010005;SHAMPOO BALANCING CONTRO CAIDA ;-2;12.3;1;2012-03-14
576;17011001;SHAMPOO BALANCING CONTROL CASPA;-1;12.3;1;2012-03-14
700;17020005;ACONDICIONADOR BALANCING CONTROL CAIDA ;-2;11.6;1;2012-03-14
577;17021001;ACONDICIONADOR BALANCING CONTROL CASPA;-1;13.9;1;2012-03-14
496;17030001;SHAMPOO ACTIVE HAIR RIZOS;-5;10;1;2012-03-14
561;17031001;SHAMPOO ACTIVE HAIR LACIOS INTENSOS ;-1;10;1;2012-03-14
495;17040001;ACONDICIONADOR ACTIVE HAIR RIZOS;-4;11.6;1;2012-03-14
596;17050001;CREMA P/ PEINAR  ACTIVE HAIR RIZOS HIDRATADOS;-8;7.7;1;2012-03-14
597;17051001;CREMA / PEINAR ACTIVE HAIR LACIOS INTENSOS;-5;7.7;1;2012-03-14
369;17052001;CREMA PARA PEINAR - DESTACA TUS CAPAS ;-9;11.6;1;2012-03-14
764;17054001;TRATAMIENTO CAPILAR REVIVE ;-36;15.4;1;2012-03-14
563;17061001;COMPLEJO NUTRITIVO YOGUR;-2;11.6;1;2012-03-14
198;17070001;SERUM THERAPPY;-16;12.3;1;2012-03-14
331;17071002;SERUM P/PROTEGER CAPAS ;-19;12.3;1;2012-03-14
291;17080001;SHAMPOO SUAVE;-6;15.4;1;2012-03-14
592;17100001;SAVIA VEGETAL;-4;9.3;1;2012-03-14
313;17200001;SHAMPOO CONTROL PIOJOS ;-8;12.3;1;2012-03-14
434;17200002;ENJUAGUE CONTROL PIOJOS ;-6;12.3;1;2012-03-14
432;17200003;LOCION CONTROL PIOJOS ;-4;12.3;1;2012-03-14
340;18015001;F EAU DE PARFUM 100 ML. ;-4;40;1;2012-03-14
347;18015002;SEXY F BY FLORENCIA PEÑA ;-11;40;1;2012-03-14
643;18016001;CREMA CORP. MELOCOTON X 135;0;15.3;1;2012-03-14
644;18016002;CREMA CORP. COMO VAINILLA ;0;15.3;1;2012-03-14
642;18050001;GEL DE DUCHA MELOCOTON ;-1;15.3;1;2012-03-14
735;20016600;SAHUMERIOS X 15U. AROMA DE LA INDIA ;-1;7.7;1;2012-03-14
521;20050500;SAHUMERIOS SURTIDOS;-26;13.9;1;2012-03-14
368;20051600;SAHUMERIOS AROMAS DE LA INDIA ;-6;13.9;1;2012-03-14
790;20160001;HORNILLO CERAMICO ;-2;11.6;1;2012-03-14
292;20200001;AROMATIZADOR;-11;13.1;1;2012-03-14
375;20250303;PERFUMANTE FLORES DE AZAHAR;-21;13.9;1;2012-03-14
303;20250316;PERFUMANTE LIMA LIMÓN ;-12;13.9;1;2012-03-14
351;20250334;PERFUMANTE VEINILLA ;-11;13.9;1;2012-03-14
374;20250337;PERFUMANTE COCO;-7;13.9;1;2012-03-14
752;20250338;PERFUMANTE MELON;-4;13.9;1;2012-03-14
304;20250500;PERFUMANTE MISTURA FRUTAS;-20;13.9;1;2012-03-14
372;20250501;PERFUMANTE BEBÉ;-31;13.9;1;2012-03-14
352;20250502;PERFUMANTE ANTITABACO ;-20;13.9;1;2012-03-14
376;20250503;PERFUMANTE UVAS;-9;13.9;1;2012-03-14
305;20250504;PERFUMANTE FRESCA TENTACIÓN ;-7;13.9;1;2012-03-14
373;20250505;PERFUMANTE PRIMAVERA;-19;13.9;1;2012-03-14
490;20250506;PERFUMANTE CAPUL.LO DE SUAVIDAD;-32;13.9;1;2012-03-14
385;20300001;PERFUMANTE X 300 ML CHANEL Nº5;-3;18.4;1;2012-03-14
392;20300004;PERFUMANTE X 300 ML PACO RABANNE;0;18.4;1;2012-03-14
391;20300007;PERFUMANTE X 300 ML ANAIS ANAIS;-1;18.4;1;2012-03-14
387;20300024;PERFUMANTE X 300 ML CAROLINA HERRERA;-5;18.4;1;2012-03-14
395;20300029;PERFUMANTE X 300 ML KENZO;0;18.4;1;2012-03-14
394;20300031;PERFUMANTE X 300 ML AZZARO;0;18.4;1;2012-03-14
386;20300062;PERFUMANTE X 300 ML FLOWER;-1;18.4;1;2012-03-14
388;20300073;PERFUMANTE X 300 ML POLO SPORT;-1;18.4;1;2012-03-14
396;20300313;PERFUMANTE X 300 ML CAMPOS LAVANDA;-2;18.4;1;2012-03-14
780;20300317;PERFUMANTE X 300 ML. MANZANA;-2;18.4;1;2012-03-14
397;20300334;PERFUMANTE X 300 ML VAINILA;0;18.4;1;2012-03-14
399;20300338;PERFUMANTE X 300 ML MELÓN;0;18.4;1;2012-03-14
426;230;SOMBRA P/PARPADOS SHI ;-12;13.9;1;2012-03-14
785;231;CREMA HUMECTANTE 24 HS. ;-1;16.7;1;2012-03-14
729;40001010;MANGA DECORADORA REPOSTERA ;-2;10;1;2012-03-14
783;40001011;BOL BATIDOR PLASTICO GRADUADO ;-1;12;1;2012-03-14
326;40001018;MOLDE PARA SORRENTINOS ;-2;8.5;1;2012-03-14
710;40001019;MOLDES PARA RAVIOLES ;-2;9.3;1;2012-03-14
742;40001020;MOLDE PARA RAVIOLON ;-1;9.3;1;2012-03-14
500;40001106;SET COPAS CALIZ;-2;11.6;1;2012-03-14
737;40002011;VERTEDOR MULTIUSO;-1;6.2;1;2012-03-14
754;40002013;DISPENSER MULTIUSO CHICO;-3;9.3;1;2012-03-14
794;40002016;JARRA ONDA + 4 VASOS ;-2;19.3;1;2012-03-14
800;40003021;CANASTA PARA HUEVOS ;-2;15;1;2012-03-14
679;40003022;SERVILLETERO ;-2;9.3;1;2012-03-14
338;40003036;ÑOQUERA ;-1;19.3;1;2012-03-14
784;40003038;CORTA QUESO ;-1;18;1;2012-03-14
711;40003042;PICADOR DE VEGETALES ;-1;40;1;2012-03-14
427;40003046;ROMPENUECES ;-1;19.3;1;2012-03-14
767;40003052;RALLADOR MODERNO ;-1;29.3;1;2012-03-14
740;40003054;CORTA PAPAS BASTON ;-2;40;1;2012-03-14
515;40003055;PELADOR DE CITRICOS ;-8;7.7;1;2012-03-14
559;40003057;RALLADOR DE NUEZ MOSCADA C/ RECIPIENTE;-3;10;1;2012-03-14
560;40004013;BALANZA;-4;19.3;1;2012-03-14
668;40005012;VASO RETRACTIL ;-11;9.3;1;2012-03-14
333;40005015;PRACTIBOLSA P/LAVAR ROPA ;-1;7.7;1;2012-03-14
342;40005029;BOTELLA OSITO ;-11;7.7;1;2012-03-14
513;40005030;BOTELLA OSITO ;-8;7.7;1;2012-03-14
660;40005032;MANOPLA INFANTIL CHANCHITO;-1;15.3;1;2012-03-14
552;40005034;JABONERA KITTY;0;11.6;1;2012-03-14
550;40005035;VASO SPORT KITTY;0;30.8;1;2012-03-14
551;40005036;TAZA KITTY;0;15.4;1;2012-03-14
553;40005037;PLATO CORAZÓN KITTY;0;15.4;1;2012-03-14
554;40005038;PLATO PLAYP KITTY;-1;15.4;1;2012-03-14
690;40005039;VASO ANTI DERRAME C/ASAS ROSA;-1;24.5;1;2012-03-14
724;40005040;VASO ANTI DERRAME C/ASAS CELESTE;-1;24.5;1;2012-03-14
685;40005041;HERMETICO RANA C/CUB. ROSA;-1;24.5;1;2012-03-14
725;40005042;HERMETICO RANA CELESTE;-1;24.5;1;2012-03-14
738;40006027;TARRO DE COCINA MULTIUSO MEDIANO;-1;15.4;1;2012-03-14
739;40006029;FIAMBRERA DOBLE ;-1;18;1;2012-03-14
763;40011006;HIELERA CORAZÓN ;-1;11.6;1;2012-03-14
761;40012004;PASTILLERO DE CAREY CUADRADO ;-3;11.6;1;2012-03-14
471;40906012;JARRA FACETADA;-1;10;1;2012-03-14
562;40930002;ORGANIZADOR MULTIUSO C/ 2 CANASTOS;-1;40;1;2012-03-14
501;43610002;JUEGO TOALLLA TOALLON- MYSTIC LILA;-1;66.7;1;2012-03-14
744;43610009;JUEGO DE TOALLA Y TOALLON NAUTICO BLANCO ;-1;75;1;2012-03-14
726;43610010;JUEGO DE TOALLA Y TOALLON NAUTICO PURPURA ;-2;75;1;2012-03-14
727;43610011;JUEGO DE TOALLA U TOALLON NAUTICO AZUL ;-1;75;1;2012-03-14
661;44001090;SOUTIEN ALGODÓN ;-1;53.9;1;2012-03-14
782;44001201;VEDETINA ALGODON - LYCRA ;-1;27;1;2012-03-14
777;44011001;COMJUNTO DE ALGODÓN - LYCRA ;-2;46.2;1;2012-03-14
629;44031100;SOUTIEN TRICOT TALLE 100 BLANCO;-1;65.4;1;2012-03-14
650;44052301;COLALESS NEGRO PUNT-LYCRA;-2;19.3;1;2012-03-14
773;44084085;SOUTIEN TAZA LAVANDA ;-1;92.3;1;2012-03-14
781;44084101;CULOTTE LAVANDA T1;-1;46.2;1;2012-03-14
601;44312001;CAMISETA REDUCTORA NEGRA;-6;53.9;1;2012-03-14
607;44313001;CAMISETA REDUCTORA BEIGE;-6;53.9;1;2012-03-14
721;44314001;CAMISETA REDUCTORA C/LATEX ;-1;65.4;1;2012-03-14
768;44316001;CAMISETA REDUCTORA C/ENCAJE ;-2;50;1;2012-03-14
651;44322001;BODY REDUCTOR NEGRO ;-1;84.7;1;2012-03-14
671;47010004;BROCHA CON GLITTER CHICA ;-2;9.3;1;2012-03-14
765;47040008;PORTACOSMETICOS BEAUTY ROSA ;-2;11.6;1;2012-03-14
789;47040013;PORTACOSMETICOS SHI ;-2;9.3;1;2012-03-14
698;47040015;PORTACOSMÉTICOS LOVE ;-1;19.3;1;2012-03-14
510;47040016;PORTACOSMÉRICOS VANITY;-10;27;1;2012-03-14
318;47041006;SET PINCELES MAKE UP CON ESPEJO;-5;15.4;1;2012-03-14
702;47041012;ESPONJAS DE MAQUILLAJE CON ESTUCHE ;-1;11.6;1;2012-03-14
654;47043004;SET PROFECIONAL DE PEINES ;-4;27;1;2012-03-14
522;47043505;PEINE / CABELLOS ONDULASOS;-4;7.7;1;2012-03-14
433;47043507;PEINE PARA RETIRAR PIOJOS ;-12;12.3;1;2012-03-14
656;47043508;PEINE TIJERA PARA ALISADO ;-1;19.3;1;2012-03-14
810;47045001;CEPILLO DESENREDANTE ;-1;15.4;1;2012-03-14
583;47050002;SACAPUNTAS MILLANEL;-8;7.7;1;2012-03-14
425;47081010;LIMA 6 USOS;-8;7.7;1;2012-03-14
682;47081011;LIMA LAVABLE GLAM ;-3;7.7;1;2012-03-14
745;47081012;LIMA LAVABLE SPRING ;-2;7.7;1;2012-03-14
806;47081013;LIMA CURVA SPING;-2;7.7;1;2012-03-14
733;47081014;LIMA DIAMANTADA SUMMER ;-1;7.7;1;2012-03-14
701;47081016;LIMA DE VIDRIO BICOLOR ;-1;11.6;1;2012-03-14
709;47082005;STICKERS PATA UÑAS LOVE PLATEADO ;-1;11.6;1;2012-03-14
796;47082006;STICKER PARA UÑAS FANTASY DORADO ;-1;9.3;1;2012-03-14
383;47083002;SER DE MANICURÍA C/ ESPEJO;-5;11.6;1;2012-03-14
581;47083004;SET DE MANICURÍA EN ESTUCHE DE CUERO;-1;50;1;2012-03-14
615;47083103;PINZA DE DEPILAR DORADA ;-5;8.6;1;2012-03-14
659;47083107;PINZA DE DEPILAR BEAUTY;-5;8.5;1;2012-03-14
323;47083201;REMOV. Y CORTADOR DE CUTICULAS ;-9;7.7;1;2012-03-14
381;47083203;CORTA UÑAS CHIC;-1;7.7;1;2012-03-14
325;47083302;ARQUEDOR PESTAÑAS NEGRO ;-12;7.7;1;2012-03-14
382;47083407;ESPEJO PEINE RECTANGULAR;-3;7;1;2012-03-14
366;47083409;ESPEJO ROMANTICO 3D;-13;7.7;1;2012-03-14
380;47083410;ESPEJO PEINE GALLETITA;-2;7.7;1;2012-03-14
755;47083411;ESPEJO CAREY CUADRADO;-1;11.6;1;2012-03-14
815;47083412;ESPEJO CON PEINE KITY;-1;11.6;1;2012-03-14
579;47086404;CEPILLO FACIAL;-3;9.3;1;2012-03-14
778;47121001;DELINEADOR RETRACTIL CON SACA. PINK ;-1;11.6;1;2012-03-14
630;47140001;DELINEADOR RETRAC. CON ESFUMINO 01;-9;11.6;1;2012-03-14
720;47140002;LAPIZ DELINEADOR RETRACTIL P/OJOS C/ESFUMINO 02;-1;11.6;1;2012-03-14
747;47170002;TOTAL LIPS BRILLO + DELINEADOR ;-1;11.6;1;2012-03-14
480;47170003;TOTAL LIPS Nº 3;-5;10;1;2012-03-14
670;47170004;BRILLO + DELINEADOR 04 PRISMA ;-2;11.6;1;2012-03-14
582;47170007;TOTAL LIPS Nº 07;-2;11.6;1;2012-03-14
200;47171001;DÚO COMODÍN CHIC BRILLO + LAPIZ LABIAL;-2;11.6;1;2012-03-14
803;47191001;LABIAL EN BARRA S.C. 01 ;-1;11.6;1;2012-03-14
486;47191002;LABIAL EN BARRA Nº 2;-3;9.2;1;2012-03-14
520;47191003;LABIAL EN BARRA Nº 03;-1;9.2;1;2012-03-14
483;47240004;SOMBRA LÍQUIDA CHIC Nº 4;-1;7.7;1;2012-03-14
657;47240005;SOMBRA LIQUIDA P/PARPADOS CHIC 05;-1;7.7;1;2012-03-14
584;47250002;SOBRA TORNASOLADA COLORS;-1;12.3;1;2012-03-14
669;47321001;DELINEADOR P/OJOS C/SACAPUNTA ;-5;11.6;1;2012-03-14
618;47321002;DELINEADOR RETRACTIL CON SACAPUNTAS OJOS MARRON;-1;9.3;1;2012-03-14
605;47322001;DELINEADOR RETRACTIL GLAM STRASS;-1;11.6;1;2012-03-14
645;47323001;DELIN. RETRACTIL BARRERA ;0;11.6;1;2012-03-14
203;47331001;DELINEADOR LIQUIDO NEGERO ;-23;10.8;1;2012-03-14
758;47331003;DELINEADOR LIQUIDO PROOFESIONAL AZUL ;-3;10.8;1;2012-03-14
479;47341001;DELINEADOR + TONALIZADOR DE PESTAÑAS;-14;10.8;1;2012-03-14
648;47342001;DELINEADOR LIQ. + TON. C-GLITTER Nº 1;-1;11.6;1;2012-03-14
647;47342002;DELINEADOR LIQ. + TON. C-GLITTER Nº 2;-1;11.6;1;2012-03-14
649;47342003;DELINEADOR LIQ. + TON. C-GLITTER;-2;11.6;1;2012-03-14
646;47342004;DELINEADOR LIQ. + TON. C-GLITTER Nº 4;0;11.6;1;2012-03-14
606;47351001;DELINEADOR + SOMBRA P/PARPADOS;-9;9.3;1;2012-03-14
569;47352001;DELINEADOR LÍQUIDO ANIMAL PRINT;0;10;1;2012-03-14
568;47353001;LÁPIZ DELINEADOR ANIMAL PRINT;-2;6.5;1;2012-03-14
707;47361001;DELINEADOR METALICO LIQUIDO 01;-1;10.8;1;2012-03-14
681;47361002;DELINEADOR METALICO 02 TOSTADO ;-1;11.6;1;2012-03-14
708;47361003;DELINEADOR METALICO LIQUIDO ;-2;11.6;1;2012-03-14
475;47361004;DELINEADOR METALICO COLORS 04;-4;11.6;1;2012-03-14
776;47363001;DELINEADOR LIQUIDO ROSA PASTEL ;-3;11.6;1;2012-03-14
750;47363003;DELINEADOR LIQUIDO PASTEL CELESTE PASTEL;-5;11.6;1;2012-03-14
749;47363004;DELINEADOR LIQUIDO PASTEL VERDE PASTEL ;-2;11.6;1;2012-03-14
736;47382001;DUO COMODIN CRAYON + MASCARA ;-1;11.6;1;2012-03-14
493;47383001;DUO P/ OJOS Nº2;-1;11.6;1;2012-03-14
494;47383003;DUO P/ OJOS Nª3;-2;11.6;1;2012-03-14
487;47384002;DUO COM. SOMB. GEL + DEL. CRAY;-1;15.3;1;2012-03-14
431;47385001;DUO COMODIN CHIC DEL. LIQUIDO + SOM. CRAYON 01;-2;11.6;1;2012-03-14
799;47450001;MASCARA FANTASY TRANS. ;-2;15.4;1;2012-03-14
570;47460001;MÁSCARA P/ PESTAÑAS ANIMAL PRINT;0;10;1;2012-03-14
652;47470001;MÁSC. VOLUM. TOTAL COLORS ;-5;11.6;1;2012-03-14
573;47540001;BASE LÍQUIDA: MEDIANO;-3;16.2;1;2012-03-14
348;47540002;BASE LOQUIDA ROSTRO - MEDIANO ;-4;16.2;1;2012-03-14
662;47560001;BASE LIQUIDA AA NOW STOP NATURAL ;-2;16.2;1;2012-03-14
653;47560002;BASE LIQUIDA AA NOW STOP BEIGE ;-2;16.2;1;2012-03-14
572;47602002;BRILLO EXTRA VOLUMEN COLORS ROSA;0;11.6;1;2012-03-14
748;47603004;BRILLO STAR GLOSS 04;-1;11.6;1;2012-03-14
379;47603005;BRILLO STAR GLOSS - TRANSLUCIDO;-3;9.2;1;2012-03-14
571;47604002;LACA P/ LABIOS CHIC TRANSPARENTE;-2;10.8;1;2012-03-14
549;47610101;MAQUILLAJE COMPACTO KITTY NATURAL 01;0;19.3;1;2012-03-14
548;47610111;SOMBRA COMP. KITTY BCO. ILUMINADOR 01;0;15.4;1;2012-03-14
545;47610121;LÁPIZ LABIAL KITTY ROSA 01;0;15.4;1;2012-03-14
546;47610122;LÁPIZ LABIAL KITTY CORAL 02;0;15.4;1;2012-03-14
547;47610131;RUBOR C/ APICADOR KITTY TERRACOTA 01;-1;23.1;1;2012-03-14
715;47622001;DUO LABIAL SHI - ROSA ;-1;12.3;1;2012-03-14
485;47622002;DUO LABIAL SHI;-2;12.3;1;2012-03-14
625;47622003;DUO LABIAL SHI - INCOLORO ;-2;12.3;1;2012-03-14
610;47624001;LABIAL COLORS 01;-1;13.9;1;2012-03-14
589;47624002;LABIAL COLORS;-1;13.9;1;2012-03-14
774;47624003;LABIAL COLORS NATURAL NUDE ;-1;13.9;1;2012-03-14
674;47624004;LABIAL COLORS 04 RUBI;-3;13.9;1;2012-03-14
619;47624005;LABIAL COLORS 05;-3;13.9;1;2012-03-14
759;47625001;BALSAMO CON VIT E;-3;11.6;1;2012-03-14
357;47650001;LAPIZ LABIAL ALISANTE - MILLANEL EFFECT;-2;17;1;2012-03-14
762;47651001;BARRA SECATIVA ;-1;9;1;2012-03-14
793;47652001;LAPIZ LABIAL LIPS CARE ALOE VERA ;-2;11.6;1;2012-03-14
775;47653001;LAPIZ LABIAL LIPS CARE CACAO ;-1;11.6;1;2012-03-14
658;47755001;CORRECTOR DE ERRORES P/LABIOS Y OJOS ;-2;9.3;1;2012-03-14
470;47756001;CORRECTO DUO CHIC;-3;13.1;1;2012-03-14
807;47757001;CORRECTOR DE OJERAS + ILUMINADOR TWIST UP;-1;15.4;1;2012-03-14
588;47770001;MILLANEL DUET - CORRECTOR ;-6;11.6;1;2012-03-14
631;47810001/07;CALCIO FORTIFICADOR ;-6;11.6;1;2012-03-14
356;47820003;MULTIVITAMINAS 7 - ESTIMULADOR DE CRECIMIENTO ;-7;8.5;1;2012-03-14
358;47820004;MULTIVITAMINA 7 - TRATAMIENTO ANTI ESCAMACION;-1;8.5;1;2012-03-14
612;47820005;TRATAMIENTO DE DIAMANTES ;-5;11.6;1;2012-03-14
354;47830001;BASE DE PORCELANA - ANTI ESTRIAS ;-1;11.6;1;2012-03-14
564;47830002;BASE REPARADORA;-1;10;1;2012-03-14
353;47841001;SET DE MANICURIA FRANCESA;-4;23.1;1;2012-03-14
355;47842001;REMOVEDOR DE ESMALTES ;-3;8.5;1;2012-03-14
617;47843001;ESMALTE CRAQUELADO NEGRO ;-44;7.7;1;2012-03-14
703;47843002;ESMALTE CRAQUELADO BLANCO ;-19;7.7;1;2012-03-14
686;47850001;QUITAESMALTE C/ALGAS ;-9;7.7;1;2012-03-14
621;47850002;QUITAESMALTE EXTRAC. ROSA MOSQUETA;-1;7.7;1;2012-03-14
199;47860001;BRILLO FIJADOR P/UÑAS ;-10;7.7;1;2012-03-14
363;47890012;ESMALTE SWEET CAROLINA - LUZ NEGRA ;-2;9.2;1;2012-03-14
365;47890013;ESMALTE SWEET CAROLINA - (VENECIA) MIKONOS ;-10;9.3;1;2012-03-14
367;47890014;ESMALTE SWEET CAROLINA - CITRICO ;-12;9.3;1;2012-03-14
371;47890015;ESMALTE SWEET CAROLINA - MARRUECOS ;-6;9.2;1;2012-03-14
362;47890016;ESMALTE SWEET CAROLINA - SCARLETT;-11;9.2;1;2012-03-14
364;47890018;ESMALTE SWEET CAROLINA - NEGRO INTENSO ;-3;9.3;1;2012-03-14
518;47891001;ESMALTE FLUO MAGIC 01;-3;7.7;1;2012-03-14
616;47891002;ESMALTE P/UÑAS FLUO MAGIC 02;-2;7.7;1;2012-03-14
511;47891003;ESMALTE FLÚO MAGIC 03;-5;7.7;1;2012-03-14
697;47891004;ESMALTE FLÚO MAGIC S.C. 04;-2;7.7;1;2012-03-14
436;47900001;LAPIZ DELINEADOR DE OJOS NEGRO C/SACA. SHI;-11;11.6;1;2012-03-14
328;47910001;LAPIZ DELINEADOR LABIOS C/SACAP. SHI  - BORDO;-3;6.9;1;2012-03-14
732;47910002;LAPIZ DELINEADOR LA LABIOS SHI - NATURAL;-1;11.6;1;2012-03-14
201;47910003;LÁPIZ DELINEADOR P/LABIOS SHI;-2;11.6;1;2012-03-14
624;47910004;LAPÌZ DELINEADOR LABIOS SHI;-1;7.7;1;2012-03-14
719;50000103;MINI COSTURERO DE CARTERA ;-1;10;1;2012-03-14
301;50002001;MOCHILA REDONDA;-2;30.9;1;2012-03-14
478;50006005;pizarra mágica;-5;11.6;1;2012-03-14
519;50060001;MANOPLA ANTICELULITICA/EXFOLIANTE ;-4;11.6;1;2012-03-14
290;5126001;FÉCULA;0;8.6;1;2012-03-14
590;55115001;ANILLO GAUCHITO GIL CHICO;-1;10;1;2012-03-14
792;55702170;anillo elefante con strass;-1;19.3;1;2012-03-14
798;55703002;LLAVERO BUHO ;-1;23.1;1;2012-03-14
770;55704003;PULSERA AMOR ;-1;19.3;1;2012-03-14
626;55900007;ACCESORIO P/CELULAR CORAZON;-1;9.3;1;2012-03-14
797;55900010;MINI CEPILLO + ESPEJO ;-1;7.7;1;2012-03-14
335;5702001;TALCO DESODORANTE P/PIES ;-14;7.7;1;2012-03-14
585;58000001;RELOJ VENUS;-2;54;1;2012-03-14
332;7.79061E+12;PACEPILLOS DENTALES X 3 UNID. ;-3;7.7;1;2012-03-14
557;7.79808E+12;VELA GRACIAS ESPIRITUALES;-12;7.7;1;2012-03-14
704;78356005;REMERA BLANCA C/GÓT FUCSIA ;-4;12;1;2012-03-14
706;78701045;PORTAPLUMINES X 45 UNID. ;-3;13;1;2012-03-14
795;78703001;ESPEJO DEMOSTRADOR ;-1;13;1;2012-03-14
714;80012001;BOLSA FELIZ DIA ;-2;3.3;1;2012-03-14
512;80013002;BOLSA FELIZ 14X28 ESMERILADA ;-1;0.25;1;2012-03-14
628;80015001;PORTACOSMETICOS FLOR;-3;6.7;1;2012-03-14
623;80025003;CAJA ESPECILA MASCULINA ;0;3;1;2012-03-14
802;80050001;BOLSA ECOLOGICA ECO-PLANET;-1;8.5;1;2012-03-14
716;80050002;BOLSA ECOLOGICA  - ECO VIDA ;-1;8.5;1;2012-03-14
442;ACEITE;ACEITE AROMATICO ;-8;9.3;1;2012-03-14
602;AFTER;AFTER SHAVE BLACK;-1;15.4;1;2012-03-14
684;AGENDA;AGENDA ECOLOGICA C/BIROME ;-2;25;1;2012-03-14
688;AIR;GEL CAPILAR MODELADOR AIR ;-5;7.7;1;2012-03-14
814;AIR ALOE;GEL HIDRATANRE PARA DES. DE AFEITAR AIR ;-1;7.7;1;2012-03-14
540;AIRESS;COLONIA CORPORAL AIRESS;-3;15.4;1;2012-03-14
456;AM;HIDRATANTE P/ROSTRO AM;-2;10;1;2012-03-14
389;AMOR;PERFUMANTE X 300 ML AMOR AMOR;0;18.4;1;2012-03-14
788;ANTIAGE;CREMA P/MANOS FRAGANCIAS EXCLUSIVAS ;-1;8.6;1;2012-03-14
741;ATENAS;PULSERA ATENA GRIS ;-1;27;1;2012-03-14
575;BAÑO;BAÑO DE CREMA THERAPY;-20;15.4;1;2012-03-14
473;BEBE;COLONIA MANITOS BEBE ;-4;14.3;1;2012-03-14
683;BOLIGRAFO;BOLIGRAFO MILLANEL ;-1;5;1;2012-03-14
503;BOLSA FELIZ DIA;CAJA FELIZ DIA;-5;3;1;2012-03-14
787;BOLSA KIT;BOLSA PARA KIT MANITOS Y BLACK;-25;0.5;1;2012-03-14
489;BOLSAS;"BOLSA FELIZ/MANITOS/SORPRESA/ ""PARA""/MILLANEL";-274;0.2;1;2012-03-14
586;BRIANO;COLGANTE BRIANO;-1;27;1;2012-03-14
672;BRILLO;BRILLO LABIAL Nº 03 ROSA ;-3;11.6;1;2012-03-14
565;BRILLO 01;BRILLO LABIAL Nº 01;-2;11.6;1;2012-03-14
718;BRILLO 02;BRILLO LABIAL 02;-1;11.6;1;2012-03-14
558;BRILLO 04;BRILLO LABIAL Nº 04;-3;11.6;1;2012-03-14
766;BRUSHING;CEPILLO PARA BRUSHING ;-1;15.4;1;2012-03-14
502;CAJA ESPECIA;CAJA REGALO ESPECIAL ;-3;3;1;2012-03-14
504;CAJA SORPRESA;CAJA SORPRESA;-3;4;1;2012-03-14
567;CATÁLOGO;CATÁLOGO;-1;7;1;2012-03-14
694;CEPILLO;CEPILLO PARA CARTERA ;-2;9.3;1;2012-03-14
613;COLORS;ESMALTE COLORS ;-3;11.7;1;2012-03-14
327;CORAZON;PORTACOSMÉTICOS CORAZÓN ;-1;6.2;1;2012-03-14
481;CORRECTOR;CORRECTOR DE OJERAS;-9;13.9;1;2012-03-14
813;COTTON;CONJUNTO COTTON CAMISETA + CULOTTE;-1;46.2;1;2012-03-14
509;CRAQUELADOR;ESMALTE CRAQUELADOR ;-4;9.2;1;2012-03-14
532;CREMA ETHIOPIA;CREMA P/ MANOS FRAG. EXCLU. ETHIOPIA;-1;8.6;1;2012-03-14
531;CREMA HERA;CREMA P/ MANOS FRAG. EXCLU. HERA;-1;8.6;1;2012-03-14
809;DE FLOR;CREMA CORPOTAL DE FLOR C/VAINILLA;-1;15.4;1;2012-03-14
339;DIFUSOR;DIFUSOR AROMÁTICO ;-40;31;1;2012-03-14
541;DIVA;COLONIA CORPORAL DIVA;-3;15.4;1;2012-03-14
673;DUO;DUO DE SOMBRAS PARA PARPADOS ;-5;23.1;1;2012-03-14
722;ELASTICA;PULSERA ELASTICA ;-1;30.8;1;2012-03-14
791;EMMA;AROS EMMA ;-2;19.3;1;2012-03-14
458;ENERGY;HIDRATANTE C/TE VERDE ENERGY ;-9;11.5;1;2012-03-14
361;ESMALTE;ESMALTE P/UÑAS MILLANEL ;-15;11.6;1;2012-03-14
202;ESMALTES MILLA;ESMALTE MILLA ;0;11.6;1;2012-03-14
390;FAHRENHEIT;PERFUMANTE X 300 ML FAHRENHEIT;0;18.4;1;2012-03-14
428;FEET;JABON EXFOLIANTE Y ANTICEPTICO ;-6;9.3;1;2012-03-14
542;FLOR;COLONIA CORPORAL FLOR;-5;15.4;1;2012-03-14
360;FORTALECEDOR;TRATAMIENTO FORTALECEDOR P/UÑAS ;-1;11.6;1;2012-03-14
614;GEL;JABON EN EL GEL SANIZANTE ;-2;10;1;2012-03-14
482;GEL AIR;GEL CAPILAR MODELADOR;-1;7.7;1;2012-03-14
556;HERA;HERA;0;36.7;1;2012-03-14
429;HERRAMIENTA;SET DE HERRAMIENTAS MULTIFUNCION ;-1;34.7;1;2012-03-14
805;HORNI VERDE;HORNITO VERDE PEQUEÑO ;-3;7.7;1;2012-03-14
713;HORNITO;HORNITO;-1;11.6;1;2012-03-14
491;J LÍQUIDO;JABÓN LÍQUIDO;-3;12.5;1;2012-03-14
467;J.S. COCO;JABÓN SANITIZANTE COCO;0;10;1;2012-03-14
466;J.S. DURAZNO;JABÓN SANITIZANTE DURAZNO;0;10;1;2012-03-14
468;J.S. MELÓN;JABÓN SANITIZANTE MELÓN;0;10;1;2012-03-14
469;J.S. MENTA;JABÓN SANITIZANTE MENTA;0;10;1;2012-03-14
463;J.T. ANTIACNÉ;JABÓN TRATANTE ANTIACNÉ;-2;11.6;1;2012-03-14
465;J.T. CREMOSO;JABÓN TRATANTE CREMOSO HIDRATANTE;0;11.6;1;2012-03-14
464;J.T. LIMPIEZA;JABÓN TRATANTE LIMPIEZA PROFUNDA;-1;11.6;1;2012-03-14
603;JABON;JABON TRATANTE ;-3;11.6;1;2012-03-14
779;JABONERA;JABONERA/ESPONJERA ;-1;9.3;1;2012-03-14
723;JARRO;JARRO TÉRMICO MILLANEL ;-3;15;1;2012-03-14
604;KIT;KIT DE INICIACION ;-17;0;1;2012-03-14
359;LABIAL;LAPIZ LABIAL ULTRAFIJACION ;-16;13.9;1;2012-03-14
566;LIMA PULIDORA;LIMA PULIDORA;-1;4;1;2012-03-14
693;LIQUIDO;JABÓN LÍQUIDO ;-9;13.9;1;2012-03-14
350;MASCARA;MASCARA EXTRA ALARGADORA ;-34;11.6;1;2012-03-14
574;MÁSCARA SHI;MÁSCARA P/ PESTAÑAS SHI;-14;15.4;1;2012-03-14
712;NAIPES;NAIPES GOBLIN;-2;7.7;1;2012-03-14
743;NOTA;NOTA DE PEDIDO ;-3;3.9;1;2012-03-14
460;NUTRI;NUTRITIVA C/TRIGO NUTRI;-6;11.5;1;2012-03-14
438;NUTRITIVA;CREMA NUTRITIVA ;-2;16.7;1;2012-03-14
544;OLIVA ROSTRO;CREMA ANTIAGE P/ ROSTRO OLIVA;-2;11;1;2012-03-14
393;ONE;PERFUMANTE X 300 ML ;-4;18.4;1;2012-03-14
315;PALOMA;PERFUMANTE X 300 ML. PALOMA PICASSO;-1;18.4;1;2012-03-14
665;PASANTES;AROS PASANTES MARGARITAS ;-3;10;1;2012-03-14
591;PERFUMANTE;PERFUMANTE X 60 ML.;-15;11.6;1;2012-03-14
753;PERX300;PERFUMANTE X 300 ML;0;18.4;1;2012-03-14
377;PLUMINES;PLUMINES;-101;1.2;1;2012-03-14
457;PM;HIDRATANTE PM ;-3;10;1;2012-03-14
484;POLVO Nº1;POLVO FACIÁL COMPACTO ;-9;17.7;1;2012-03-14
343;PORTA;PORTA SAHUMERIO METAL;-18;5.7;1;2012-03-14
506;REFLEJO;MI REFLEJO TU REFLEJO;-16;20;1;2012-03-14
620;REFORZADOR;TRATAMIENTO REFORZADOR P/UÑAS ;-2;11.6;1;2012-03-14
302;REP. DIFUSOR;REPUESTO DIFUSOR AROMÁTICO;-20;18.4;1;2012-03-14
398;ROSALES;PERFUMANTE X 300 ML ROSALES EN FLOR;-1;18.4;1;2012-03-14
667;RUBOR;RUBOR COMPACTO ;-5;23.1;1;2012-03-14
717;SABBIA;AROS SABBIA ;-1;19.3;1;2012-03-14
771;SAHUMERIOS;SAHUMERIOS DE LA INDIA X 50 ;-1;7.7;1;2012-03-14
514;SAL;SAL PARA BAÑO 440g.;-6;11.7;1;2012-03-14
772;SEDA;BASE REPARADORA MICROGRA. SEDA;-1;10;1;2012-03-14
477;SET;SET REGALABLE FRAG. ALTER.;-3;41.3;1;2012-03-14
689;SET CEPILLOS;SET DE CEPILLOS MAKE-UP ;-2;15;1;2012-03-14
312;SEXY;COLONIA CORPORAL SEXY;-11;15.4;1;2012-03-14
801;SHAVE;AFTER SHAVE LEGEND ;-5;15.4;1;2012-03-14
459;SOFT;HUMECTANTE SOFT;-1;11.5;1;2012-03-14
401;SOSMISUEÑO;SWEET CAROLINA  SOS MI SUEÑO;-2;20;1;2012-03-14
746;SPLASH;SPLASH CORPORAL 150 ML ;-6;16.2;1;2012-03-14
539;TINA;COLONIA CORPORAL TINA;-2;15.4;1;2012-03-14
705;TOCADOR;JABON DE TOCADOR ;-2;11.6;1;2012-03-14
474;VELAS;VELAS P/HORNITO;-8;9.3;1;2012-03-14
498;VERTEDOR MULTI;VERTEDOR MULTIUSO;-2;6.2;1;2012-03-14
816;X15;SAHUMERIOS SURTIDOS X 15UND. ;-1;7.7;1;2012-03-14
