2;1030001;FRAG.ALT.  X 30 ML. Nº01;-10;16.6;1;15/12/2011
5;1030003;FRAG. ALT. X 30 ML Nº03;-5;16.6;1;15/12/2011
6;1030004;FRAG. ALT. X 30 ML Nº04;-4;16.6;1;15/12/2011
7;1030005;FRAG. ALT. X 30 ML Nº05;0;16.6;1;15/12/2011
8;1030007;FRAG. ALT. X 30 ML Nº07;-4;16.6;1;15/12/2011
9;1030009;FRAG. ALT. X 30 ML Nº09;-3;16.6;1;15/12/2011
10;1030010;FRAG. ALT. X 30 ML Nº10;-3;16.6;1;15/12/2011
11;1030011;FRAG. ALT. X 30 ML Nº11;-3;16.6;1;15/12/2011
12;1030012;FRAG. ALT. X 30 ML Nº12;0;16.6;1;15/12/2011
13;1030013;FRAG. ALT. X 30 ML Nº13;0;16.6;1;15/12/2011
14;1030015;FRAG. ALT. X 30 ML Nº15;0;16.6;1;15/12/2011
15;1030017;FRAG. ALT. X 30 ML Nº17;0;16.6;1;15/12/2011
16;1030018;FRAG. ALT. X 30 ML Nº18;-4;16.6;1;15/12/2011
17;1030019;FRAG. ALT. X 30 ML Nº19;-4;16.6;1;15/12/2011
18;1030020;FRAG. ALT. X 30 ML. Nº20;0;16.6;1;15/12/2011
19;1030021;FRAG. ALT. X 30 ML. Nº21;-2;16.6;1;15/12/2011
20;1030022;FRAG. ALT. X 30 ML. Nº22;-3;16.6;1;15/12/2011
21;1030023;FRAG. ALT. X 30 ML. Nº23;0;16.6;1;15/12/2011
22;1030024;FRAG. ALT. X 30 ML. Nº24;-8;16.6;1;15/12/2011
23;1030025;FRAG. ALT. X 30 ML. Nº25;0;16.6;1;15/12/2011
24;1030026;FRAG. ALT. X 30 ML. Nº26;0;16.6;1;15/12/2011
25;1030027;FRAG. ALT. X 30 ML. Nº27;-2;16.6;1;15/12/2011
26;1030028;FRAG. ALT. X 30 ML. Nº28;-4;16.6;1;15/12/2011
27;1030029;FRAG. ALT. X 30 ML. Nº29;-4;16.6;1;15/12/2011
28;1030030;FRAG. ALT. X 30 ML. Nº30;-12;16.6;1;15/12/2011
29;1030031;FRAG. ALT. X 30 ML. Nº31;-1;16.6;1;15/12/2011
30;1030032;FRAG. ALT. X 30 ML. Nº32;0;16.6;1;15/12/2011
31;1030033;FRAG. ALT. X 30 ML. Nº33;0;16.6;1;15/12/2011
32;1030034;FRAG. ALT. X 30 ML. Nº34;-3;16.6;1;15/12/2011
33;1030035;FRAG. ALT. X 30 ML. Nº35;-3;16.6;1;15/12/2011
34;1030036;FRAG. ALT. X 30 ML. Nº36;-10;16.6;1;15/12/2011
35;1030037;FRAG. ALT. X 30 ML. Nº37;0;16.6;1;15/12/2011
36;1030038;FRAG. ALT. X 30 ML. Nº38;0;16.6;1;15/12/2011
37;1030039;FRAG. ALT. X 30 ML. Nº39;-4;16.6;1;15/12/2011
38;1030040;FRAG. ALT. X 30 ML. Nº40;-3;16.6;1;15/12/2011
39;1030042;FRAG. ALT. X 30 ML. Nº42;0;16.6;1;15/12/2011
40;1030044;FRAG. ALT. X 30 ML. Nº44;0;16.6;1;15/12/2011
41;1030045;FRAG. ALT. X 30 ML. Nº45;0;16.6;1;15/12/2011
42;1030048;FRAG. ALT. X 30 ML. Nº48;0;16.6;1;15/12/2011
43;1030049;FRAG. ALT. X 30 ML. Nº49;0;16.6;1;15/12/2011
44;1030050;FRAG. ALT. X 30 ML. Nº50;-3;16.6;1;15/12/2011
45;1030052;FRAG. ALT. X 30 ML. Nº52;-1;16.6;1;15/12/2011
46;1030054;FRAG. ALT. X 30 ML. Nº54;-5;16.6;1;15/12/2011
47;1030055;FRAG. ALT. X 30 ML. Nº55;-4;16.6;1;15/12/2011
48;1030056;FRAG. ALT. X 30 ML. Nº56;0;16.6;1;15/12/2011
49;1030057;FRAG. ALT. X 30 ML. Nº57;-1;16.6;1;15/12/2011
50;1030058;FRAG. ALT. X 30 ML. Nº58;-3;16.6;1;15/12/2011
51;1030059;FRAG. ALT. X 30 ML. Nº59;0;16.6;1;15/12/2011
52;1030060;FRAG. ALT. X 30 ML. Nº60;0;16.6;1;15/12/2011
53;1030062;FRAG. ALT. X 30 ML. Nº62;-11;16.6;1;15/12/2011
3;1030064;FRAG. ALT. X 30 ML Nº64;0;16.6;1;15/12/2011
1;1030065;FRAG. ALT. X 30 ML. Nº 65;-10;16.6;1;14/12/2011
54;1030066;FRAG. ALT. X 30 ML. Nº66;-2;16.6;1;15/12/2011
56;1030067;FRAG. ALT. X 30 ML. Nº67;0;16.6;1;16/12/2011
4;1030068;FRAG. ALT. X 30 ML Nº68;-2;16.6;1;15/12/2011
57;1030069;FRAG. ALT. X 30 ML. Nº69;-2;16.6;1;15/12/2011
58;1030070;FRAG. ALT. X 30 ML. Nº70;0;16.6;1;15/12/2011
59;1030071;FRAG. ALT. X 30 ML. Nº71;-3;16.6;1;15/12/2011
60;1030072;FRAG. ALT. X 30 ML. Nº72;0;16.6;1;15/12/2011
61;1030073;FRAG. ALT. X 30 ML. Nº73;-5;16.6;1;15/12/2011
62;1030074;FRAG. ALT. X 30 ML. Nº74;0;16.6;1;15/12/2011
63;1030075;FRAG. ALT. X 30 ML. Nº75;-2;16.6;1;15/12/2011
64;1030076;FRAG. ALT. X 30 ML. Nº76;-7;16.6;1;15/12/2011
65;1030077;FRAG. ALT. X 30 ML. Nº77;0;16.6;1;15/12/2011
66;1030079;FRAG. ALT. X 30 ML. Nº79;0;16.6;1;15/12/2011
67;1030080;FRAG. ALT. X 30 ML. Nº80;-1;16.6;1;15/12/2011
68;1030081;FRAG. ALT. X 30 ML. Nº81;-4;16.6;1;15/12/2011
69;1030082;FRAG. ALT. X 30 ML. Nº82;0;16.6;1;15/12/2011
70;1030083;FRAG. ALT. X 30 ML. Nº83;0;16.6;1;15/12/2011
71;1030084;FRAG. ALT. X 30 ML. Nº84;0;16.6;1;15/12/2011
72;1030085;FRAG. ALT. X 30 ML. Nº85;0;16.6;1;15/12/2011
73;1030086;FRAG. ALT. X 30 ML. Nº86;0;16.6;1;15/12/2011
74;1030087;FRAG. ALT. X 30 ML. Nº87;-7;16.6;1;15/12/2011
75;1030088;FRAG. ALT. X 30 ML. Nº88;-1;16.6;1;15/12/2011
76;1030089;FRAG. ALT. X 30 ML. Nº89;0;16.6;1;15/12/2011
77;1030090;FRAG. ALT. X 30 ML. Nº90;0;16.6;1;15/12/2011
78;1030091;FRAG. ALT. X 30 ML. Nº91;-5;16.6;1;15/12/2011
79;1030092;FRAG. ALT. X 30 ML. Nº92;-1;16.6;1;15/12/2011
80;1030093;FRAG. ALT. X 30 ML. Nº93;0;16.6;1;15/12/2011
81;1030096;FRAG. ALT. X 30 ML. Nº96;-1;16.6;1;15/12/2011
82;1030097;FRAG. ALT. X 30 ML. Nº97;-1;16.6;1;15/12/2011
83;1030098;FRAG. ALT. X 30 ML. Nº98;0;16.6;1;15/12/2011
84;1030099;FRAG. ALT. X 30 ML. Nº99;-5;16.6;1;15/12/2011
85;1030100;FRAG. ALT. X 30 ML. Nº100;-4;16.6;1;15/12/2011
86;1030101;FRAG. ALT. X 30 ML. Nº101;0;16.6;1;15/12/2011
87;1030102;FRAG. ALT. X 30 ML. Nº102;0;16.6;1;15/12/2011
88;1030103;FRAG. ALT. X 30 ML. Nº103;-1;16.6;1;15/12/2011
89;1030104;FRAG. ALT. X 30 ML. Nº104;-1;16.6;1;15/12/2011
90;1030105;FRAG. ALT. X 30 ML. Nº105;-1;16.6;1;15/12/2011
91;1030106;FRAG. ALT. X 30 ML. Nº106;0;16.6;1;15/12/2011
92;1030108;FRAG. ALT. X 30 ML. Nº108;0;16.6;1;15/12/2011
93;1030109;FRAG. ALT. X 30 ML. Nº109;-3;16.6;1;15/12/2011
94;1030110;FRAG. ALT. X 30 ML. Nº110;0;16.6;1;15/12/2011
95;1030111;FRAG. ALT. X 30 ML. Nº111;0;16.6;1;15/12/2011
96;1030112;FRAG. ALT. X 30 ML. Nº112;-1;16.6;1;15/12/2011
97;1030113;FRAG. ALT. X 30 ML. Nº113;-3;16.6;1;15/12/2011
98;1030114;FRAG. ALT. X 30 ML. Nº114;0;16.6;1;15/12/2011
99;1030115;FRAG. ALT. X 30 ML. Nº115;0;16.6;1;15/12/2011
100;1030116;FRAG. ALT. X 30 ML. Nº116;-1;16.6;1;15/12/2011
101;1030117;FRAG. ALT. X 30 ML. Nº117;-9;16.6;1;15/12/2011
102;1030118;FRAG. ALT. X 30 ML. Nº118;-1;16.6;1;15/12/2011
103;1030119;FRAG. ALT. X 30 ML. Nº119;0;16.6;1;15/12/2011
104;1030120;FRAG. ALT. X 30 ML. Nº120;-1;16.6;1;15/12/2011
105;1030121;FRAG. ALT. X 30 ML. Nº121;-4;16.6;1;15/12/2011
106;1030122;FRAG. ALT. X 30 ML. Nº122;-3;16.6;1;15/12/2011
107;1030123;FRAG. ALT. X 30 ML. Nº123;-1;16.6;1;15/12/2011
108;1030124;FRAG. ALT. X 30 ML. Nº124;-1;16.6;1;15/12/2011
109;1030125;FRAG. ALT. X 30 ML. Nº125;-5;16.6;1;15/12/2011
110;1030126;FRAG. ALT. X 30 ML. Nº126;-2;16.6;1;15/12/2011
111;1030127;FRAG. ALT. X 30 ML. Nº127;0;16.6;1;15/12/2011
112;1030128;FRAG. ALT. X 30 ML. Nº128;0;16.6;1;15/12/2011
113;1030129;FRAG. ALT. X 30 ML. Nº129;0;16.6;1;15/12/2011
114;1030130;FRAG. ALT. X 30 ML. Nº130;-1;16.6;1;15/12/2011
115;1030131;FRAG. ALT. X 30 ML. Nº131;-1;16.6;1;15/12/2011
116;1030132;FRAG. ALT. X 30 ML. Nº132;-1;16.6;1;19/12/2011
117;1030133;FRAG. ALT. X 30 ML. Nº133;-2;16.6;1;15/12/2011
118;1030134;FRAG. ALT. X 30 ML. Nº134;0;16.6;1;15/12/2011
119;1030135;FRAG. ALT. X 30 ML. Nº135;0;16.6;1;15/12/2011
120;1030136;FRAG. ALT. X 30 ML. Nº136;0;16.6;1;15/12/2011
121;1030137;FRAG. ALT. X 30 ML. Nº137;-5;16.6;1;15/12/2011
123;1030138;FRAG. ALT. X 30 ML. Nº138;0;16.6;1;15/12/2011
122;1030139;FRAG. ALT. X 30 ML. Nº139;0;16.6;1;15/12/2011
124;1030140;FRAG. ALT. X 30 ML. Nº140;0;16.6;1;15/12/2011
125;1030141;FRAG. ALT. X 30 ML. Nº141;0;16.6;1;15/12/2011
126;1030142;FRAG. ALT. X 30 ML. Nº142;0;16.6;1;15/12/2011
127;1030143;FRAG. ALT. X 30 ML. Nº143;-2;16.6;1;15/12/2011
128;1030144;FRAG. ALT. X 30 ML. Nº144;-8;16.6;1;15/12/2011
129;1030145;FRAG. ALT. X 30 ML. Nº145;-6;16.6;1;15/12/2011
130;1060001;FRAG. ALT. X 60 ML. Nº01;-13;21.9;1;15/12/2011
131;1060002;FRAG. ALT. X 60 ML. Nº02;0;21.8;1;15/12/2011
132;1060003;FRAG. ALT. X 60 ML. Nº03;-4;21.9;1;15/12/2011
133;1060004;FRAG. ALT. X 60 ML. Nº04;-13;21.9;1;15/12/2011
134;1060005;FRAG. ALT. X 60 ML. Nº05;-1;21.8;1;15/12/2011
135;1060006;FRAG. ALT. X 60 ML. Nº06;-8;21.9;1;15/12/2011
136;1060007;FRAG. ALT. X 60 ML. Nº07;-7;21.9;1;15/12/2011
137;1060008;FRAG. ALT. X 60 ML. Nº08;0;21.8;1;15/12/2011
138;1060009;FRAG. ALT. X 60 ML. Nº09;-4;21.8;1;15/12/2011
139;1060010;FRAG. ALT. X 60 ML. Nº10;-5;21.8;1;15/12/2011
140;1060011;FRAG. ALT. X 60 ML. Nº11;0;21.8;1;15/12/2011
141;1060012;FRAG. ALT. X 60 ML. Nº12;-2;21.8;1;15/12/2011
142;1060013;FRAG. ALT. X 60 ML. Nº13;-1;21.9;1;15/12/2011
143;1060014;FRAG. ALT. X 60 ML. Nº14;-1;21.9;1;15/12/2011
144;1060015;FRAG. ALT. X 60 ML. Nº15;-1;21.9;1;15/12/2011
145;1060016;FRAG. ALT. X 60 ML. Nº16;-1;21.8;1;15/12/2011
146;1060017;FRAG. ALT. X 60 ML. Nº17;-1;21.8;1;15/12/2011
147;1060018;FRAG. ALT. X 60 ML. Nº18;-5;21.9;1;15/12/2011
148;1060019;FRAG. ALT. X 60 ML. Nº19;-6;21.9;1;15/12/2011
149;1060020;FRAG. ALT. X 60 ML. Nº20;0;21.8;1;15/12/2011
150;1060021;FRAG. ALT. X 60 ML. Nº21;-4;21.8;1;15/12/2011
151;1060022;FRAG. ALT. X 60 ML. Nº22;0;21.8;1;15/12/2011
152;1060023;FRAG. ALT. X 60 ML. Nº 23;0;21.8;1;15/12/2011
153;1060024;FRAG. ALT. X 60 ML. Nº 24 ;-14;21.9;1;15/12/2011
154;1060025;FRAG. ALT. X 60 ML. Nº 25;-3;21.9;1;15/12/2011
155;1060026;FRAG. ALT. X 60 ML. Nº 26;0;21.8;1;15/12/2011
156;1060027;FRAG. ALT. X 60 ML. Nº 27 ;-2;21.8;1;15/12/2011
157;1060028;FRAG. ALT. X 60 ML. Nº 28 ;-1;21.9;1;15/12/2011
158;1060029;FRAG. ALT. X 60 ML. Nº 29 ;-12;21.9;1;15/12/2011
159;1060030;FRAG. ALT. X 60 ML. Nº 30 ;-9;21.9;1;15/12/2011
160;1060031;FRAG. ALT. X 60 ML. Nº 31 ;-5;21.9;1;15/12/2011
161;1060032;FRAG. ALT. X 60 ML. Nº 32;-2;21.9;1;15/12/2011
162;1060033;FRAG. ALT- X 60 ML. Nº 33;-1;21.9;1;15/12/2011
163;1060034;FRAG. ALT. X 60 ML. Nº 34;0;21.8;1;15/12/2011
164;1060035;FRAG. ALT. X 60 ML. Nº 35;-5;21.8;1;15/12/2011
165;1060036;FRAG. ALT. X 60 ML. Nº 36 ;-20;21.9;1;15/12/2011
166;1060037;FRAG. ALT. X 60 ML. Nº 37;0;21.8;1;15/12/2011
167;1060038;FRAG. ALT. X 60 ML. Nº 38;-1;21.8;1;15/12/2011
168;1060039;FRAG. ALT. X 60 ML. Nº 39;0;21.8;1;15/12/2011
169;1060040;FRAG. ALT. X 60 ML. Nº 40;-8;21.9;1;15/12/2011
170;1060041;FRAG. ALT. X 60 ML. Nº 41;-1;21.9;1;15/12/2011
171;1060042;FRAG. ALT. X 60 ML. Nº 42;0;21.8;1;15/12/2011
218;1060043;FRAG. ALT. X 60 ML. Nº43;0;21.8;1;16/12/2011
173;1060044;FRAG. ALT. X 60 ML. Nº 44;-3;21.8;1;15/12/2011
174;1060045;FRAG. ALT. X 60 ML. Nº 45;0;21.8;1;15/12/2011
175;1060047;FRAG. ALT. X 60 ML. Nº 47;0;21.8;1;15/12/2011
176;1060048;FRAG. ALT. X 60 ML. Nº 48;-2;21.8;1;15/12/2011
177;1060049;FRAG. ALT. X 60 ML. Nº 49;0;21.8;1;15/12/2011
180;1060050;FRAG. ALT. X 60 ML. Nº 50;-3;21.8;1;15/12/2011
179;1060051;FRAG. ALT. X 60 ML. Nº 51;0;21.8;1;15/12/2011
178;1060052;FRAG. ALT. X 60 ML. Nº 52;-2;21.9;1;15/12/2011
181;1060053;FRAG. ALT. X 60 ML. Nº 53;0;21.8;1;15/12/2011
182;1060054;FRAG. ALT. X 60 ML. Nº 54;-6;21.9;1;15/12/2011
183;1060055;FRAG. ALT. X 60 ML. Nº 55;-10;21.9;1;15/12/2011
184;1060056;FRAG. ALT. X 60 ML. Nº 56;0;21.8;1;15/12/2011
185;1060057;FRAG. ALT. X 60 ML. Nº 57;0;21.8;1;15/12/2011
186;1060058;FRAG. ALT. X 60 ML. Nº 58;-3;21.9;1;15/12/2011
187;1060059;FRAG. ALT. X 60 ML. Nº 59;0;21.8;1;15/12/2011
188;1060060;FRAG. ALR. X 60 ML. Nº 60 ;0;21.8;1;15/12/2011
189;1060061;FRAG. ALT. X 60 ML. Nº 61;0;21.8;1;15/12/2011
190;1060062;FRAG. ALT. X 60 ML. Nº 62 ;-22;21.9;1;15/12/2011
191;1060063;FRAG. ALT. X 60 ML. Nº 63;-4;21.9;1;15/12/2011
192;1060064;FRAG. ALT. X 60 ML. Nº 64 ;-4;21.9;1;15/12/2011
193;1060065;FRAG. ALT. X 60 ML. Nº 65;-14;21.9;1;15/12/2011
194;1060066;FRAG. ALT. X 60 ML. Nº 66;-7;21.9;1;15/12/2011
195;1060067;FRAG. ALT. X 60 ML. Nº 67;-1;21.9;1;15/12/2011
196;1060068;FRAG. ALT. X 60 ML. Nº 68;0;21.8;1;15/12/2011
197;1060069;FRAG. ALT. X 60 ML. Nº 69;0;21.8;1;15/12/2011
206;1060070;FRAG- ALT- X 60 ML. Nº 70;0;21.8;1;15/12/2011
207;1060071;FRAG. ALT. X 60 ML. Nº 71;-13;21.9;1;15/12/2011
208;1060072;FRAG. ALT. X 60 ML. Nº 72;0;21.8;1;15/12/2011
209;1060073;FRAG. ALT. X 60 ML. Nº 73;-8;21.9;1;15/12/2011
210;1060074;FRAG. ALT. X 60 ML. Nº 74;-1;21.9;1;15/12/2011
211;1060075;FRAG. ALT. X 60 ML. Nº 75 ;-1;21.8;1;15/12/2011
212;1060076;FRAG. ALT. X 60 ML. Nº 76;-19;21.9;1;15/12/2011
213;1060077;FRAG. ALT. X 60 ML. Nº 77;0;21.8;1;15/12/2011
214;1060078;FRAG. ALT. X 60 ML. Nº 78;0;21.8;1;15/12/2011
215;1060079;FRAG. ALT. X 60 ML. Nº 79;0;21.8;1;15/12/2011
216;1060080;FRAG. ALT. X 60 ML. Nº 80;-11;21.9;1;15/12/2011
217;1060081;FRAG. ALT. X 60 ML. Nº 81;-20;21.9;1;15/12/2011
219;1060082;FRAG. ALT. X 60 ML. Nº82;0;21.8;1;16/12/2011
220;1060083;FRAG. ALT. X 60 ML. Nº83;-3;21.8;1;16/12/2011
221;1060084;FRAG. ALT. X 60 ML. Nº84;-1;21.9;1;16/12/2011
222;1060085;FRAG. ALT. X 60 ML. Nº85;-2;21.8;1;16/12/2011
223;1060086;FRAG. ALT. X 60 ML. Nº86;0;21.8;1;16/12/2011
224;1060087;FRAG. ALT. X 60 ML. Nº87;-11;21.9;1;16/12/2011
225;1060088;FRAG. ALT. X 60 ML. Nº88;0;21.8;1;16/12/2011
226;1060089;FRAG. ALT. X 60 ML. Nº89;0;21.8;1;16/12/2011
227;1060090;FRAG. ALT. X 60 ML. Nº90;0;21.8;1;16/12/2011
228;1060091;FRAG. ALT. X 60 ML. Nº91;-5;21.9;1;16/12/2011
229;1060092;FRAG. ALT. X 60 ML. Nº92;-3;21.9;1;16/12/2011
230;1060093;FRAG. ALT. X 60 ML. Nº93;-1;21.8;1;16/12/2011
231;1060094;FRAG. ALT. X 60 ML. Nº94;0;21.8;1;16/12/2011
232;1060095;FRAG. ALT. X 60 ML. Nº95;-3;21.9;1;16/12/2011
233;1060096;FRAG. ALT. X 60 ML. Nº96;-4;21.9;1;16/12/2011
234;1060097;FRAG. ALT. X 60 ML. Nº97;0;21.8;1;16/12/2011
235;1060098;FRAG. ALT. X 60 ML. Nº98;-1;21.8;1;16/12/2011
236;1060099;FRAG. ALT. X 60 ML. Nº99;-5;21.9;1;16/12/2011
237;1060100;FRAG. ALT. X 60 ML. Nº100;-5;21.9;1;16/12/2011
238;1060101;FRAG. ALT. X 60 ML. Nº101;-2;21.9;1;16/12/2011
239;1060102;FRAG. ALT. X 60 ML. Nº102;-1;21.8;1;16/12/2011
240;1060103;FRAG. ALT. X 60 ML. Nº103;-3;21.8;1;16/12/2011
241;1060104;FRAG. ALT. X 60 ML. Nº104;-3;21.9;1;16/12/2011
242;1060105;FRAG. ALT. X 60 ML. Nº105;-3;21.8;1;16/12/2011
243;1060106;FRAG. ALT. X 60 ML. Nº106;0;21.8;1;16/12/2011
244;1060107;FRAG. ALT. X 60 ML. Nº107;0;21.8;1;16/12/2011
245;1060108;FRAG. ALT. X 60 ML. Nº108;-1;21.8;1;16/12/2011
246;1060109;FRAG. ALT. X 60 ML. Nº109;-3;21.8;1;16/12/2011
247;1060110;FRAG. ALT. X 60 ML. Nº110;-4;21.8;1;16/12/2011
248;1060111;FRAG. ALT. X 60 ML. Nº111;0;21.8;1;16/12/2011
249;1060112;FRAG. ALT. X 60 ML. Nº112;0;21.8;1;16/12/2011
250;1060113;FRAG. ALT. X 60 ML. Nº113;-3;21.8;1;16/12/2011
251;1060114;FRAG. ALT. X 60 ML. Nº114;0;21.8;1;16/12/2011
252;1060115;FRAG. ALT. X 60 ML. Nº115;-1;21.8;1;16/12/2011
253;1060116;FRAG. ALT. X 60 ML. Nº116;-1;21.9;1;16/12/2011
254;1060117;FRAG. ALT. X 60 ML. Nº117;-15;21.9;1;16/12/2011
255;1060118;FRAG. ALT. X 60 ML. Nº118;-1;21.9;1;16/12/2011
256;1060119;FRAG. ALT. X 60 ML. Nº119;-1;21.8;1;16/12/2011
257;1060120;FRAG. ALT. X 60 ML. Nº120;-1;21.8;1;16/12/2011
258;1060121;FRAG. ALT. X 60 ML. Nº121;-9;21.9;1;16/12/2011
259;1060122;FRAG. ALT. X 60 ML. Nº122;0;21.8;1;16/12/2011
260;1060123;FRAG. ALT. X 60 ML. Nº123;-2;21.9;1;16/12/2011
261;1060124;FRAG. ALT. X 60 ML. Nº124;-5;21.9;1;16/12/2011
262;1060125;FRAG. ALT. X 60 ML. Nº125;-3;21.8;1;16/12/2011
263;1060126;FRAG. ALT. X 60 ML. Nº126;-5;21.9;1;16/12/2011
264;1060127;FRAG. ALT. X 60 ML. Nº127;-5;21.9;1;16/12/2011
265;1060128;FRAG. ALT. X 60 ML. Nº128;-4;21.8;1;16/12/2011
266;1060129;FRAG. ALT. X 60 ML. Nº129;0;21.8;1;16/12/2011
55;1060130;FRAG. ALT. X 60 ML. Nº 130;0;21.8;1;15/12/2011
267;1060131;FRAG. ALT. X 60 ML. Nº131;0;21.8;1;16/12/2011
268;1060132;FRAG. ALT. X 60 ML. Nº132;-4;21.9;1;16/12/2011
269;1060133;FRAG. ALT. X 60 ML. Nº133;-2;21.8;1;16/12/2011
270;1060134;FRAG. ALT. X 60 ML. Nº134;-2;21.9;1;16/12/2011
271;1060135;FRAG. ALT. X 60 ML. Nº135;-1;21.8;1;16/12/2011
272;1060136;FRAG. ALT. X 60 ML. Nº136;-2;21.9;1;16/12/2011
273;1060137;FRAG. ALT. X 60 ML. Nº137;-8;21.9;1;16/12/2011
274;1060138;FRAG. ALT. X 60 ML. Nº138;0;21.8;1;16/12/2011
275;1060139;FRAG. ALT. X 60 ML. Nº139;-1;21.8;1;16/12/2011
276;1060140;FRAG. ALT. X 60 ML. Nº140;-2;21.8;1;16/12/2011
277;1060141;FRAG. ALT. X 60 ML. Nº141;0;21.8;1;16/12/2011
278;1060142;FRAG. ALT. X 60 ML. Nº142;-2;21.8;1;16/12/2011
279;1060143;FRAG. ALT. X 60 ML. Nº143;-3;21.8;1;16/12/2011
280;1060144;FRAG. ALT. X 60 ML. Nº144;-11;21.9;1;16/12/2011
281;1060145;FRAG. ALT. X 60 ML. Nº145;-5;21.9;1;16/12/2011
400;1110001;SWEET CAROLINA LIBRE;-1;20;1;19/12/2011
402;1110003;SWEET CAROLINA  VOS Y YO;-1;20;1;19/12/2011
472;1120001;BLACK ATTRACTIVE;-4;33.4;1;09/01/2012
634;1120002;BLACK SPORT ;-1;33.4;1;09/01/2012
633;1120003;BLAKC URBANO ;-1;33.4;1;09/01/2012
404;1140001;BONITA SECRET;0;26.7;1;19/12/2011
403;1140002;BONITA LOVE;-2;26.7;1;19/12/2011
676;1150101;FRINE ICE ;-4;27;1;30/01/2012
677;1150102;FRINE SUN;-1;17.5;1;30/01/2012
675;1150103;FRINE CRISTAL ;-1;17.5;1;30/01/2012
443;1501001;ETHIOPIA ;-1;27;1;20/12/2011
444;1503001;VAINILLA ;-1;36.7;1;20/12/2011
448;1504001;REMEMBER ;-1;20;1;20/12/2011
578;1504003;SERENITY;-2;26.7;1;09/01/2012
555;1505001;EGO;-3;33.4;1;24/12/2011
341;1507001;AIR 55ML. ;-3;33.4;1;16/12/2011
437;1508001;AMOR M ;-12;36.7;1;19/12/2011
349;1509001;LAS MIL Y UNA NOCHES ;-7;36.7;1;16/12/2011
445;1509002;FEZ;-4;36.7;1;20/12/2011
622;1510001;LEGEND;-2;33.4;1;06/01/2012
446;1512001;HAPPY ;-12;27;1;20/12/2011
447;1513001;BITACORA ;0;33.4;1;20/12/2011
378;1515001;BRISAS;-4;33.4;1;19/12/2011
288;5010001;JABÓN TOCADOR CONEJITO;-11;7.7;1;16/12/2011
287;5010002;JABÓN TOCADOR PATITO;-7;7.7;1;16/12/2011
289;5010003;JABÓN TOCADOR PERRITO;-9;7.7;1;16/12/2011
295;5010101;BAÑO LÍQUIDO;-1;12.3;1;16/12/2011
310;5031030;DEO CORPORAL Nº 30;-1;13.1;1;16/12/2011
462;5040001;JABÓN TRATANTE C/ ALOE VERA;0;11.6;1;21/12/2011
461;5040003;JABÓN TRATANTE ANTICELULÍTICO;-3;11.6;1;21/12/2011
728;5040004;JABON TRATANTE EXFOLIANTE;-2;11.6;1;06/02/2012
329;5056501;ALCOHOL EN GEL 75 ML. ;-4;7.7;1;16/12/2011
811;5057006;JABON LIQUIDO DE CEREZA ;-4;13.9;1;08/03/2012
663;5057008;REPUESTO JABON LIQUIDO ;-10;10;1;24/01/2012
641;5060001;CERA DEPILATORIA C/APLICADOR ;0;21.6;1;09/01/2012
786;5092001;ESPONJA SPA P/BAÑO Y MASAJES;-1;7.7;1;05/03/2012
756;5092003;PORTACEPILL0 DENTAL ;-3;7.7;1;14/02/2012
282;5100001;MANITOS AMARILLAS;-21;15.4;1;16/12/2011
204;5100002;MANITOS CELESTES ;-14;15.4;1;15/12/2011
283;5100003;MANITOS ROSAS;-21;15.4;1;16/12/2011
286;5100004;MANITOS ALGODÓN;-9;15.4;1;16/12/2011
284;5100005;MANITOS DUENDES;-5;15.4;1;16/12/2011
285;5100006;MANITOS SALVEMOS EL PLANETA;-6;15.4;1;16/12/2011
293;5101001;COLONIA PARA BEBÉ;-1;14.3;1;16/12/2011
298;5102001;STAR NENES;-20;13.1;1;16/12/2011
297;5102002;STAR NENAS;-22;13.1;1;16/12/2011
635;5110004;BRUMA CORPORAL MELOCOTON;0;15.4;1;09/01/2012
636;51100045;BRUMA CORPORAL PERA ;0;15.4;1;09/01/2012
637;5110006;BRUMA CORPORLA POMELO ;0;15.4;1;09/01/2012
205;5115002;GOBLIN NENES;-1;19.3;1;15/12/2011
294;5125001;ACEITE PARA BEBÉ;-3;10;1;16/12/2011
299;5127001;EMULCIÓN OLEO CALCÁREO;-4;9.3;1;16/12/2011
296;5128003;ANTIFIEBRE;-13;7.7;1;16/12/2011
300;5130001;KIT INFANTIL;-2;32;1;16/12/2011
384;5150009;MONEDERO ANIMAL PRINT;-4;6.2;1;19/12/2011
812;5150013;SOBRE KITY METALIZADO ;-2;23.1;1;09/03/2012
492;5250001;COLONIA AMBRÉ;-8;19.3;1;24/12/2011
537;5250002;COLONIA CAMPESTRE;-1;19.3;1;24/12/2011
538;5250003;COLONIA CIELO;-1;19.3;1;24/12/2011
536;5250005;COLONIA TIERRA;-1;19.3;1;24/12/2011
405;5301001;DEO CORPORAL Nº 01;-7;13.1;1;19/12/2011
423;5301003;DEO CORPORAL Nº 03;-2;13.1;1;19/12/2011
687;5301004;DEO CORPORAL Nº 04;-5;13.1;1;30/01/2012
406;5301007;DEO CORPORAL Nº 07;-5;13.1;1;19/12/2011
311;5301010;DEO CORPORAL Nº 10;-1;13.1;1;16/12/2011
309;5301018;DEO CORPORAL Nº 18;-5;13.1;1;16/12/2011
407;5301024;DEO CORPORAL Nº 24;-2;13.1;1;19/12/2011
421;5301027;DEO CORPORAL Nº 27;-1;13.1;1;19/12/2011
408;5301029;DEO CORPORAL Nº 29;-5;13.1;1;19/12/2011
692;5301030;DEO CORPORAL Nº 30;-1;13.1;1;03/02/2012
422;5301031;DEO CORPORAL Nº 31;-1;13.1;1;19/12/2011
308;5301036;DEO CORPORAL Nº 36;-5;13.1;1;16/12/2011
424;5301040;DEO CORPORAL Nº 40;-2;13.1;1;19/12/2011
418;5301044;DEO CORPORAL Nº 44;-1;13.1;1;19/12/2011
409;5301050;DEO CORPORAL Nº 50;-1;13.1;1;19/12/2011
417;5301057;DEO CORPORAL Nº 57;0;13.1;1;19/12/2011
410;5301065;DEO CORPORAL Nº 65;-3;13.1;1;19/12/2011
414;5301071;DEO CORPORAL Nº 71;-3;13.1;1;19/12/2011
419;5301073;DEO CORPORAL Nº 73;-2;13.1;1;19/12/2011
420;5301075;DEO CORPORAL Nº 75;-1;13.1;1;19/12/2011
415;5301076;DEO CORPORAL Nº 76;-1;13.1;1;19/12/2011
411;5301080;DEO CORPORAL Nº 80;-1;13.1;1;19/12/2011
412;5301081;DEO CORPORAL Nº 81;-5;13.1;1;19/12/2011
416;5301083;DEO CORPORAL Nº 83;-1;13.1;1;19/12/2011
413;5301132;DEO CORPORAL Nº 132;-3;13.1;1;19/12/2011
580;5320001;ANTITRASPIRANTE ROLL ON BLACK ATRACTIVE;-4;9.3;1;30/12/2011
608;5320002;ANTITRASPIRANTE BLACK SPORT;-1;9.3;1;05/01/2012
731;5320003;ROLL ON BLACK URBANO ;-2;9.3;1;06/02/2012
609;5320050;ANTOTRASPIRANTE EGO ;-2;9.3;1;05/01/2012
695;5350004;AFTER SHAVE FRAG. ALTER. ;-2;10;1;03/02/2012
638;5380001;SET DE REGALO - MANI GIFT BLACK ;0;65.4;1;09/01/2012
336;5701001;DESODORANTE 130 ML. ;-5;9.3;1;16/12/2011
691;5702002;TALCO EN CREMA CON LAVANDA ;-2;10.7;1;03/02/2012
639;5702003;CREMA POST-DEPILATORIA P/ROSTRO;-3;7.7;1;09/01/2012
640;5702004;CREMA DEPILATORIA P/ROSTRO ;-7;11.6;1;09/01/2012
598;5705001;CREMA REFRESCANTE;-4;10;1;30/12/2011
370;5706001;CREMA EXFOLIANTE PARA PIES ;-13;7.7;1;17/12/2011
730;5707001;GEL DESCONGESTIVO P/PIES;-2;9.3;1;06/02/2012
344;5708001;SAL PEDICA X 300g.;-2;11.6;1;16/12/2011
808;5790002;SEPARADOR DE DEDOS X 2;-3;7.7;1;08/03/2012
769;5790101;ESCOFINA PIECITO ;-1;7.7;1;28/02/2012
324;5790202;CEPILLO P/PIES 4 FUNCIONES ;-7;11.6;1;16/12/2011
322;5790203;PIEDRA POMEZ ESTRELLA ;-2;9.3;1;16/12/2011
680;5800001;REPELENTE EN CREMA ;-2;7.7;1;30/01/2012
804;5800101;REPELENTE PARA MOSQUITO SPLASH ;0;11.6;1;08/03/2012
508;16010001;EMULSION PARA MANOS Y CUERPO VIT. E;-14;17.9;1;23/12/2011
587;16010002;EMULSIÓN MANOS Y CUERPO MANTECA DE CACAO;-10;17.9;1;30/12/2011
666;16011001;CREMA PARA MANOS CUIDADOS INTENSIVOS ;-2;13.4;1;26/01/2012
307;16012001;CREMA MANOS Y UÑAS FORTALECEDORA C/VITA. E;-4;8.6;1;16/12/2011
319;16013001;CREMA MANOS (guante líquido) MARACUYÁ ;-2;5;1;16/12/2011
320;16013002;CREMA MANOS (guante liquido) DURAZNO Y MIEL ;-4;7.2;1;16/12/2011
321;16013003;CREMA MANOS (guante liquido)  ARROZ ;-2;6.8;1;16/12/2011
632;16020001;CREMA P/MANOS Y CUERPO YOGURT;-2;10;1;06/01/2012
627;16025003;CREMA DE ORDEÑE P/MANOS ;-4;14.3;1;06/01/2012
517;16030001;EMULSION CORPORAL PIEL NORMAL C/LECHE ;-3;15.8;1;23/12/2011
516;16031001;EMULSION CORPORAL PIEL SECA C/ALOE;-3;11;1;23/12/2011
450;16033001;MANTECA REGENERADORA AMAZO.;-2;16.7;1;20/12/2011
451;16033002;MANTECA REGENERADORA COCO;-1;16.7;1;20/12/2011
440;16040001;CREMA P/ESTRIAS ;-11;13.6;1;19/12/2011
441;16041001;CREMA P/CELULITIS ;-11;13.6;1;19/12/2011
454;16050001;CRENA DE LIMPIEZA 135g.;-2;18;1;20/12/2011
346;16051001;LECHE DE LIMPIEZA OJOS Y ROSTRO;-11;10.7;1;16/12/2011
314;16052001;TÓNICO ASTRINGENTE ;-12;9.3;1;16/12/2011
435;16053001;TONICO HIDRATANTE ;-9;10;1;19/12/2011
337;16053002;DESMAQUILLANTE 140ML. ;-14;11.4;1;16/12/2011
476;16060001;CREMA DESVANECEDORA DE MANCHAS FM;-11;12.5;1;22/12/2011
734;16061001;CREMA NUTRITIVA P/BUSTO ;0;21;1;08/02/2012
455;16070025;ANTIAGE +25;-1;20;1;20/12/2011
453;16071040;ANTIAGE +40;-2;20;1;20/12/2011
655;16072050;CREMA ANTIAGE + DE 50 AÑOS ;-3;21.5;1;17/01/2012
507;16075001;CREMA P/ MANOS FRAG. ALTER. CHANEL Nº 5;-4;8.6;1;24/12/2011
527;16075007;CREMA P/ MANOS FRAG. ALTER. ANAIS ANAIS;0;8;1;24/12/2011
526;16075010;CREMA P/ MANOS FRAG. ALTER. AMARIGE;-1;8;1;24/12/2011
529;16075036;CREMA P/ MANOS FRAG. ALTER. 212;-2;8.6;1;24/12/2011
525;16075050;CREMA P/ MANOS FRAG. ALTER. PARFUM D' ETE;0;8;1;24/12/2011
528;16075062;CREMA P/ MANOS FRAG. ALTER. FLOWER;0;8;1;24/12/2011
530;16076003;CREMA P/ MANOS FRAG. EXCLU. VAINILLA;-1;8;1;24/12/2011
611;16080001;CREMA-GEL REJUVENECEDORA ;-5;14.7;1;05/01/2012
452;16090001;CONTORN DE OJOS ANTIAGE;-4;24;1;20/12/2011
345;16100001;CREMA BLANQUEADORA C/LIMON;-14;14;1;16/12/2011
317;16110001;CREMA 3 EN 1 PTOFUNDA ;-3;23.4;1;16/12/2011
316;16111001;CREMA EXFOLIANTE ROSTRO ;-3;16.7;1;16/12/2011
678;16122001;CREMA HIDRATANTE INTENSIVA ;-2;16.7;1;30/01/2012
497;16123001;TRATAMIENTO FACIAL ESCULTOR;-2;21;1;23/12/2011
334;16130001;GEL DESCONGESTIVO P/PARPADOS ;-11;17.9;1;16/12/2011
593;16140001;CREMA DE ORDEÑE BABA CARACOL;-4;8;1;30/12/2011
594;16141001;CREMA HIDRATANTE P/ ROSTRO BABA CARACOL;-6;14.3;1;30/12/2011
543;16151001;CREMA CORPORAL OLIVA;-1;10;1;24/12/2011
523;16160001;CREMA HIDRATANTE CDOLD CREAM;-3;10;1;24/12/2011
751;16170003;GEL EXFOLIANTE ;-3;14.3;1;09/02/2012
306;16200001;CREMA CORPORAL JAPANESE ;-2;13.4;1;16/12/2011
533;16201002;PULPA HIDRATANTE CORP. CASTAÑA;-6;17.9;1;24/12/2011
535;16202001;CREMA P/ MANOS GRANADA / CASTAÑA;0;10;1;24/12/2011
534;16202002;EMULSIÓN CORPORAL GRANADA;0;13.4;1;24/12/2011
595;16303001;GEL DE LIMPIEZA;-8;10.7;1;30/12/2011
430;16305004;ANTIFAZ RELAX CON GEL ;-7;13.9;1;19/12/2011
664;16500001;CREMA REDUCTORA Y MODELADORA ESCULPE ;-31;21.4;1;26/01/2012
488;16804002;AUTOBRONCEANTE;-2;19.5;1;23/12/2011
524;16805002;EMULGEL POST SOLAR;-1;13.4;1;24/12/2011
600;16806025;POTECTOR SOLAR EN CREMA 25;-1;27;1;30/12/2011
760;16807025;BRONCEADOR SPRAY F15;-1;23.1;1;16/02/2012
599;17010001;SHAMPOO BALANCING COLOR EVOLUTION;-1;10.8;1;30/12/2011
757;17010003;SHAMPOO BALANCING NUTRITION ;-1;10.8;1;16/02/2012
696;17010004;SHAMPOO BALANCING EXTRABRILLO;-1;10.8;1;03/02/2012
699;17010005;SHAMPOO BALANCING CONTRO CAIDA ;-2;12.3;1;03/02/2012
576;17011001;SHAMPOO BALANCING CONTROL CASPA;-1;12.3;1;30/12/2011
700;17020005;ACONDICIONADOR BALANCING CONTROL CAIDA ;-2;11.6;1;03/02/2012
577;17021001;ACONDICIONADOR BALANCING CONTROL CASPA;-1;13.9;1;30/12/2011
496;17030001;SHAMPOO ACTIVE HAIR RIZOS;-5;10;1;23/12/2011
561;17031001;SHAMPOO ACTIVE HAIR LACIOS INTENSOS ;-1;10;1;27/12/2011
495;17040001;ACONDICIONADOR ACTIVE HAIR RIZOS;-4;11.6;1;23/12/2011
596;17050001;CREMA P/ PEINAR  ACTIVE HAIR RIZOS HIDRATADOS;-8;7.7;1;30/12/2011
597;17051001;CREMA / PEINAR ACTIVE HAIR LACIOS INTENSOS;-5;7.7;1;30/12/2011
369;17052001;CREMA PARA PEINAR - DESTACA TUS CAPAS ;-9;11.6;1;17/12/2011
764;17054001;TRATAMIENTO CAPILAR REVIVE ;-36;15.4;1;17/02/2012
563;17061001;COMPLEJO NUTRITIVO YOGUR;-2;11.6;1;27/12/2011
198;17070001;SERUM THERAPPY;-16;12.3;1;15/12/2011
331;17071002;SERUM P/PROTEGER CAPAS ;-19;12.3;1;16/12/2011
291;17080001;SHAMPOO SUAVE;-6;15.4;1;16/12/2011
592;17100001;SAVIA VEGETAL;-4;9.3;1;30/12/2011
313;17200001;SHAMPOO CONTROL PIOJOS ;-8;12.3;1;16/12/2011
434;17200002;ENJUAGUE CONTROL PIOJOS ;-6;12.3;1;19/12/2011
432;17200003;LOCION CONTROL PIOJOS ;-4;12.3;1;19/12/2011
340;18015001;F EAU DE PARFUM 100 ML. ;-4;40;1;16/12/2011
347;18015002;SEXY F BY FLORENCIA PEÑA ;-11;40;1;16/12/2011
643;18016001;CREMA CORP. MELOCOTON X 135;0;15.3;1;09/01/2012
644;18016002;CREMA CORP. COMO VAINILLA ;0;15.3;1;09/01/2012
642;18050001;GEL DE DUCHA MELOCOTON ;-1;15.3;1;09/01/2012
735;20016600;SAHUMERIOS X 15U. AROMA DE LA INDIA ;-1;7.7;1;08/02/2012
521;20050500;SAHUMERIOS SURTIDOS;-26;13.9;1;24/12/2011
368;20051600;SAHUMERIOS AROMAS DE LA INDIA ;-6;13.9;1;17/12/2011
790;20160001;HORNILLO CERAMICO ;-2;11.6;1;05/03/2012
292;20200001;AROMATIZADOR;-11;13.1;1;16/12/2011
375;20250303;PERFUMANTE FLORES DE AZAHAR;-21;13.9;1;19/12/2011
303;20250316;PERFUMANTE LIMA LIMÓN ;-12;13.9;1;16/12/2011
351;20250334;PERFUMANTE VEINILLA ;-11;13.9;1;16/12/2011
374;20250337;PERFUMANTE COCO;-7;13.9;1;19/12/2011
752;20250338;PERFUMANTE MELON;-4;13.9;1;09/02/2012
304;20250500;PERFUMANTE MISTURA FRUTAS;-20;13.9;1;16/12/2011
372;20250501;PERFUMANTE BEBÉ;-31;13.9;1;19/12/2011
352;20250502;PERFUMANTE ANTITABACO ;-20;13.9;1;16/12/2011
376;20250503;PERFUMANTE UVAS;-9;13.9;1;19/12/2011
305;20250504;PERFUMANTE FRESCA TENTACIÓN ;-7;13.9;1;16/12/2011
373;20250505;PERFUMANTE PRIMAVERA;-19;13.9;1;19/12/2011
490;20250506;PERFUMANTE CAPUL.LO DE SUAVIDAD;-32;13.9;1;23/12/2011
385;20300001;PERFUMANTE X 300 ML CHANEL Nº5;-3;18.4;1;19/12/2011
392;20300004;PERFUMANTE X 300 ML PACO RABANNE;0;18.4;1;19/12/2011
391;20300007;PERFUMANTE X 300 ML ANAIS ANAIS;-1;18.4;1;19/12/2011
387;20300024;PERFUMANTE X 300 ML CAROLINA HERRERA;-5;18.4;1;19/12/2011
395;20300029;PERFUMANTE X 300 ML KENZO;0;18.4;1;19/12/2011
394;20300031;PERFUMANTE X 300 ML AZZARO;0;18.4;1;19/12/2011
386;20300062;PERFUMANTE X 300 ML FLOWER;-1;18.4;1;19/12/2011
388;20300073;PERFUMANTE X 300 ML POLO SPORT;-1;18.4;1;19/12/2011
396;20300313;PERFUMANTE X 300 ML CAMPOS LAVANDA;-2;18.4;1;19/12/2011
780;20300317;PERFUMANTE X 300 ML. MANZANA;-2;18.4;1;01/03/2012
397;20300334;PERFUMANTE X 300 ML VAINILA;0;18.4;1;19/12/2011
399;20300338;PERFUMANTE X 300 ML MELÓN;0;18.4;1;19/12/2011
426;230;SOMBRA P/PARPADOS SHI ;-12;13.9;1;19/12/2011
785;24HS;CREMA HUMECTANTE 24 HS. ;-1;16.7;1;05/03/2012
729;40001010;MANGA DECORADORA REPOSTERA ;-2;10;1;06/02/2012
783;40001011;BOL BATIDOR PLASTICO GRADUADO ;-1;12;1;05/03/2012
326;40001018;MOLDE PARA SORRENTINOS ;-2;8.5;1;16/12/2011
710;40001019;MOLDES PARA RAVIOLES ;-2;9.3;1;04/02/2012
742;40001020;MOLDE PARA RAVIOLON ;-1;9.3;1;09/02/2012
500;40001106;SET COPAS CALIZ;-2;11.6;1;23/12/2011
737;40002011;VERTEDOR MULTIUSO;-1;6.2;1;09/02/2012
754;40002013;DISPENSER MULTIUSO CHICO;-3;9.3;1;14/02/2012
794;40002016;JARRA ONDA + 4 VASOS ;-2;19.3;1;06/03/2012
800;40003021;CANASTA PARA HUEVOS ;-2;15;1;06/03/2012
679;40003022;SERVILLETERO ;-2;9.3;1;30/01/2012
338;40003036;ÑOQUERA ;-1;19.3;1;16/12/2011
784;40003038;CORTA QUESO ;-1;18;1;05/03/2012
711;40003042;PICADOR DE VEGETALES ;-1;40;1;04/02/2012
427;40003046;ROMPENUECES ;-1;19.3;1;19/12/2011
767;40003052;RALLADOR MODERNO ;-1;29.3;1;28/02/2012
740;40003054;CORTA PAPAS BASTON ;-2;40;1;09/02/2012
515;40003055;PELADOR DE CITRICOS ;-8;7.7;1;23/12/2011
559;40003057;RALLADOR DE NUEZ MOSCADA C/ RECIPIENTE;-3;10;1;27/12/2011
560;40004013;BALANZA;-4;19.3;1;27/12/2011
668;40005012;VASO RETRACTIL ;-11;9.3;1;26/01/2012
333;40005015;PRACTIBOLSA P/LAVAR ROPA ;-1;7.7;1;16/12/2011
342;40005029;BOTELLA OSITO ;-11;7.7;1;16/12/2011
513;40005030;BOTELLA OSITO ;-8;7.7;1;23/12/2011
660;40005032;MANOPLA INFANTIL CHANCHITO;-1;15.3;1;24/01/2012
552;40005034;JABONERA KITTY;0;11.6;1;24/12/2011
550;40005035;VASO SPORT KITTY;0;30.8;1;24/12/2011
551;40005036;TAZA KITTY;0;15.4;1;24/12/2011
553;40005037;PLATO CORAZÓN KITTY;0;15.4;1;24/12/2011
554;40005038;PLATO PLAYP KITTY;-1;15.4;1;24/12/2011
690;40005039;VASO ANTI DERRAME C/ASAS ROSA;-1;24.5;1;30/01/2012
724;40005040;VASO ANTI DERRAME C/ASAS CELESTE;-1;24.5;1;06/02/2012
685;40005041;HERMETICO RANA C/CUB. ROSA;-1;24.5;1;30/01/2012
725;40005042;HERMETICO RANA CELESTE;-1;24.5;1;06/02/2012
738;40006027;TARRO DE COCINA MULTIUSO MEDIANO;-1;15.4;1;09/02/2012
739;40006029;FIAMBRERA DOBLE ;-1;18;1;09/02/2012
763;40011006;HIELERA CORAZÓN ;-1;11.6;1;16/02/2012
761;40012004;PASTILLERO DE CAREY CUADRADO ;-3;11.6;1;16/02/2012
471;40906012;JARRA FACETADA;-1;10;1;21/12/2011
562;40930002;ORGANIZADOR MULTIUSO C/ 2 CANASTOS;-1;40;1;27/12/2011
501;43610002;JUEGO TOALLLA TOALLON- MYSTIC LILA;-1;66.7;1;23/12/2011
744;43610009;JUEGO DE TOALLA Y TOALLON NAUTICO BLANCO ;-1;75;1;09/02/2012
726;43610010;JUEGO DE TOALLA Y TOALLON NAUTICO PURPURA ;-2;75;1;06/02/2012
727;43610011;JUEGO DE TOALLA U TOALLON NAUTICO AZUL ;-1;75;1;06/02/2012
661;44001090;SOUTIEN ALGODÓN ;-1;53.9;1;24/01/2012
782;44001201;VEDETINA ALGODON - LYCRA ;-1;27;1;05/03/2012
777;44011001;COMJUNTO DE ALGODÓN - LYCRA ;-2;46.2;1;01/03/2012
629;44031100;SOUTIEN TRICOT TALLE 100 BLANCO;-1;65.4;1;06/01/2012
650;44052301;COLALESS NEGRO PUNT-LYCRA;-2;19.3;1;17/01/2012
773;44084085;SOUTIEN TAZA LAVANDA ;-1;92.3;1;01/03/2012
781;44084101;CULOTTE LAVANDA T1;-1;46.2;1;05/03/2012
601;44312001;CAMISETA REDUCTORA NEGRA;-6;53.9;1;30/12/2011
607;44313001;CAMISETA REDUCTORA BEIGE;-6;53.9;1;05/01/2012
721;44314001;CAMISETA REDUCTORA C/LATEX ;-1;65.4;1;04/02/2012
768;44316001;CAMISETA REDUCTORA C/ENCAJE ;-2;50;1;28/02/2012
651;44322001;BODY REDUCTOR NEGRO ;-1;84.7;1;17/01/2012
671;47010004;BROCHA CON GLITTER CHICA ;-2;9.3;1;26/01/2012
765;47040008;PORTACOSMETICOS BEAUTY ROSA ;-2;11.6;1;17/02/2012
789;47040013;PORTACOSMETICOS SHI ;-2;9.3;1;05/03/2012
698;47040015;PORTACOSMÉTICOS LOVE ;-1;19.3;1;03/02/2012
510;47040016;PORTACOSMÉRICOS VANITY;-10;27;1;23/12/2011
318;47041006;SET PINCELES MAKE UP CON ESPEJO;-5;15.4;1;16/12/2011
702;47041012;ESPONJAS DE MAQUILLAJE CON ESTUCHE ;-1;11.6;1;03/02/2012
654;47043004;SET PROFECIONAL DE PEINES ;-4;27;1;17/01/2012
522;47043505;PEINE / CABELLOS ONDULASOS;-4;7.7;1;24/12/2011
433;47043507;PEINE PARA RETIRAR PIOJOS ;-12;12.3;1;19/12/2011
656;47043508;PEINE TIJERA PARA ALISADO ;-1;19.3;1;24/01/2012
810;47045001;CEPILLO DESENREDANTE ;-1;15.4;1;08/03/2012
583;47050002;SACAPUNTAS MILLANEL;-8;7.7;1;30/12/2011
425;47081010;LIMA 6 USOS;-8;7.7;1;19/12/2011
682;47081011;LIMA LAVABLE GLAM ;-3;7.7;1;30/01/2012
745;47081012;LIMA LAVABLE SPRING ;-2;7.7;1;09/02/2012
806;47081013;LIMA CURVA SPING;-2;7.7;1;08/03/2012
733;47081014;LIMA DIAMANTADA SUMMER ;-1;7.7;1;07/02/2012
701;47081016;LIMA DE VIDRIO BICOLOR ;-1;11.6;1;03/02/2012
709;47082005;STICKERS PATA UÑAS LOVE PLATEADO ;-1;11.6;1;04/02/2012
796;47082006;STICKER PARA UÑAS FANTASY DORADO ;-1;9.3;1;06/03/2012
383;47083002;SER DE MANICURÍA C/ ESPEJO;-5;11.6;1;19/12/2011
581;47083004;SET DE MANICURÍA EN ESTUCHE DE CUERO;-1;50;1;30/12/2011
615;47083103;PINZA DE DEPILAR DORADA ;-5;8.6;1;05/01/2012
659;47083107;PINZA DE DEPILAR BEAUTY;-5;8.5;1;24/01/2012
323;47083201;REMOV. Y CORTADOR DE CUTICULAS ;-9;7.7;1;16/12/2011
381;47083203;CORTA UÑAS CHIC;-1;7.7;1;19/12/2011
325;47083302;ARQUEDOR PESTAÑAS NEGRO ;-12;7.7;1;16/12/2011
382;47083407;ESPEJO PEINE RECTANGULAR;-3;7;1;19/12/2011
366;47083409;ESPEJO ROMANTICO 3D;-13;7.7;1;17/12/2011
380;47083410;ESPEJO PEINE GALLETITA;-2;7.7;1;19/12/2011
755;47083411;ESPEJO CAREY CUADRADO;-1;11.6;1;14/02/2012
815;47083412;ESPEJO CON PEINE KITY;-1;11.6;1;12/03/2012
579;47086404;CEPILLO FACIAL;-3;9.3;1;30/12/2011
778;47121001;DELINEADOR RETRACTIL CON SACA. PINK ;-1;11.6;1;01/03/2012
630;47140001;DELINEADOR RETRAC. CON ESFUMINO 01;-9;11.6;1;06/01/2012
720;47140002;LAPIZ DELINEADOR RETRACTIL P/OJOS C/ESFUMINO 02;-1;11.6;1;04/02/2012
747;47170002;TOTAL LIPS BRILLO + DELINEADOR ;-1;11.6;1;09/02/2012
480;47170003;TOTAL LIPS Nº 3;-5;10;1;23/12/2011
670;47170004;BRILLO + DELINEADOR 04 PRISMA ;-2;11.6;1;26/01/2012
582;47170007;TOTAL LIPS Nº 07;-2;11.6;1;30/12/2011
200;47171001;DÚO COMODÍN CHIC BRILLO + LAPIZ LABIAL;-2;11.6;1;15/12/2011
803;47191001;LABIAL EN BARRA S.C. 01 ;-1;11.6;1;07/03/2012
486;47191002;LABIAL EN BARRA Nº 2;-3;9.2;1;23/12/2011
520;47191003;LABIAL EN BARRA Nº 03;-1;9.2;1;23/12/2011
483;47240004;SOMBRA LÍQUIDA CHIC Nº 4;-1;7.7;1;23/12/2011
657;47240005;SOMBRA LIQUIDA P/PARPADOS CHIC 05;-1;7.7;1;24/01/2012
584;47250002;SOBRA TORNASOLADA COLORS;-1;12.3;1;30/12/2011
669;47321001;DELINEADOR P/OJOS C/SACAPUNTA ;-5;11.6;1;26/01/2012
618;47321002;DELINEADOR RETRACTIL CON SACAPUNTAS OJOS MARRON;-1;9.3;1;06/01/2012
605;47322001;DELINEADOR RETRACTIL GLAM STRASS;-1;11.6;1;30/12/2011
645;47323001;DELIN. RETRACTIL BARRERA ;0;11.6;1;09/01/2012
203;47331001;DELINEADOR LIQUIDO NEGERO ;-23;10.8;1;15/12/2011
758;47331003;DELINEADOR LIQUIDO PROOFESIONAL AZUL ;-3;10.8;1;16/02/2012
479;47341001;DELINEADOR + TONALIZADOR DE PESTAÑAS;-14;10.8;1;23/12/2011
648;47342001;DELINEADOR LIQ. + TON. C-GLITTER Nº 1;-1;11.6;1;09/01/2012
647;47342002;DELINEADOR LIQ. + TON. C-GLITTER Nº 2;-1;11.6;1;09/01/2012
649;47342003;DELINEADOR LIQ. + TON. C-GLITTER;-2;11.6;1;09/01/2012
646;47342004;DELINEADOR LIQ. + TON. C-GLITTER Nº 4;0;11.6;1;09/01/2012
606;47351001;DELINEADOR + SOMBRA P/PARPADOS;-9;9.3;1;30/12/2011
569;47352001;DELINEADOR LÍQUIDO ANIMAL PRINT;0;10;1;28/12/2011
568;47353001;LÁPIZ DELINEADOR ANIMAL PRINT;-2;6.5;1;28/12/2011
707;47361001;DELINEADOR METALICO LIQUIDO 01;-1;10.8;1;03/02/2012
681;47361002;DELINEADOR METALICO 02 TOSTADO ;-1;11.6;1;30/01/2012
708;47361003;DELINEADOR METALICO LIQUIDO ;-2;11.6;1;03/02/2012
475;47361004;DELINEADOR METALICO COLORS 04;-4;11.6;1;22/12/2011
776;47363001;DELINEADOR LIQUIDO ROSA PASTEL ;-3;11.6;1;01/03/2012
750;47363003;DELINEADOR LIQUIDO PASTEL CELESTE PASTEL;-5;11.6;1;09/02/2012
749;47363004;DELINEADOR LIQUIDO PASTEL VERDE PASTEL ;-2;11.6;1;09/02/2012
736;47382001;DUO COMODIN CRAYON + MASCARA ;-1;11.6;1;09/02/2012
493;47383001;DUO P/ OJOS Nº2;-1;11.6;1;23/12/2011
494;47383003;DUO P/ OJOS Nª3;-2;11.6;1;23/12/2011
487;47384002;DUO COM. SOMB. GEL + DEL. CRAY;-1;15.3;1;23/12/2011
431;47385001;DUO COMODIN CHIC DEL. LIQUIDO + SOM. CRAYON 01;-2;11.6;1;20/12/2011
799;47450001;MASCARA FANTASY TRANS. ;-2;15.4;1;06/03/2012
570;47460001;MÁSCARA P/ PESTAÑAS ANIMAL PRINT;0;10;1;28/12/2011
652;47470001;MÁSC. VOLUM. TOTAL COLORS ;-5;11.6;1;17/01/2012
573;47540001;BASE LÍQUIDA: MEDIANO;-3;16.2;1;30/12/2011
348;47540002;BASE LOQUIDA ROSTRO - MEDIANO ;-4;16.2;1;16/12/2011
662;47560001;BASE LIQUIDA AA NOW STOP NATURAL ;-2;16.2;1;24/01/2012
653;47560002;BASE LIQUIDA AA NOW STOP BEIGE ;-2;16.2;1;17/01/2012
572;47602002;BRILLO EXTRA VOLUMEN COLORS ROSA;0;11.6;1;28/12/2011
748;47603004;BRILLO STAR GLOSS 04;-1;11.6;1;09/02/2012
379;47603005;BRILLO STAR GLOSS - TRANSLUCIDO;-3;9.2;1;19/12/2011
571;47604002;LACA P/ LABIOS CHIC TRANSPARENTE;-2;10.8;1;28/12/2011
549;47610101;MAQUILLAJE COMPACTO KITTY NATURAL 01;0;19.3;1;24/12/2011
548;47610111;SOMBRA COMP. KITTY BCO. ILUMINADOR 01;0;15.4;1;24/12/2011
545;47610121;LÁPIZ LABIAL KITTY ROSA 01;0;15.4;1;24/12/2011
546;47610122;LÁPIZ LABIAL KITTY CORAL 02;0;15.4;1;24/12/2011
547;47610131;RUBOR C/ APICADOR KITTY TERRACOTA 01;-1;23.1;1;24/12/2011
715;47622001;DUO LABIAL SHI - ROSA ;-1;12.3;1;04/02/2012
485;47622002;DUO LABIAL SHI;-2;12.3;1;23/12/2011
625;47622003;DUO LABIAL SHI - INCOLORO ;-2;12.3;1;06/01/2012
610;47624001;LABIAL COLORS 01;-1;13.9;1;05/01/2012
589;47624002;LABIAL COLORS;-1;13.9;1;30/12/2011
774;47624003;LABIAL COLORS NATURAL NUDE ;-1;13.9;1;01/03/2012
674;47624004;LABIAL COLORS 04 RUBI;-3;13.9;1;28/01/2012
619;47624005;LABIAL COLORS 05;-3;13.9;1;06/01/2012
759;47625001;BALSAMO CON VIT E;-3;11.6;1;16/02/2012
357;47650001;LAPIZ LABIAL ALISANTE - MILLANEL EFFECT;-2;17;1;17/12/2011
762;47651001;BARRA SECATIVA ;-1;9;1;16/02/2012
793;47652001;LAPIZ LABIAL LIPS CARE ALOE VERA ;-2;11.6;1;06/03/2012
775;47653001;LAPIZ LABIAL LIPS CARE CACAO ;-1;11.6;1;01/03/2012
658;47755001;CORRECTOR DE ERRORES P/LABIOS Y OJOS ;-2;9.3;1;24/01/2012
470;47756001;CORRECTO DUO CHIC;-3;13.1;1;21/12/2011
807;47757001;CORRECTOR DE OJERAS + ILUMINADOR TWIST UP;-1;15.4;1;08/03/2012
588;47770001;MILLANEL DUET - CORRECTOR ;-6;11.6;1;30/12/2011
631;47810001/07;CALCIO FORTIFICADOR ;-6;11.6;1;06/01/2012
356;47820003;MULTIVITAMINAS 7 - ESTIMULADOR DE CRECIMIENTO ;-7;8.5;1;17/12/2011
358;47820004;MULTIVITAMINA 7 - TRATAMIENTO ANTI ESCAMACION;-1;8.5;1;17/12/2011
612;47820005;TRATAMIENTO DE DIAMANTES ;-5;11.6;1;05/01/2012
354;47830001;BASE DE PORCELANA - ANTI ESTRIAS ;-1;11.6;1;17/12/2011
564;47830002;BASE REPARADORA;-1;10;1;27/12/2011
353;47841001;SET DE MANICURIA FRANCESA;-4;23.1;1;17/12/2011
355;47842001;REMOVEDOR DE ESMALTES ;-3;8.5;1;17/12/2011
617;47843001;ESMALTE CRAQUELADO NEGRO ;-44;7.7;1;03/02/2012
703;47843002;ESMALTE CRAQUELADO BLANCO ;-19;7.7;1;03/02/2012
686;47850001;QUITAESMALTE C/ALGAS ;-9;7.7;1;30/01/2012
621;47850002;QUITAESMALTE EXTRAC. ROSA MOSQUETA;-1;7.7;1;06/01/2012
199;47860001;BRILLO FIJADOR P/UÑAS ;-10;7.7;1;15/12/2011
363;47890012;ESMALTE SWEET CAROLINA - LUZ NEGRA ;-2;9.2;1;17/12/2011
365;47890013;ESMALTE SWEET CAROLINA - (VENECIA) MIKONOS ;-10;9.3;1;17/12/2011
367;47890014;ESMALTE SWEET CAROLINA - CITRICO ;-12;9.3;1;17/12/2011
371;47890015;ESMALTE SWEET CAROLINA - MARRUECOS ;-6;9.2;1;17/12/2011
362;47890016;ESMALTE SWEET CAROLINA - SCARLETT;-11;9.2;1;17/12/2011
364;47890018;ESMALTE SWEET CAROLINA - NEGRO INTENSO ;-3;9.3;1;17/12/2011
518;47891001;ESMALTE FLUO MAGIC 01;-3;7.7;1;23/12/2011
616;47891002;ESMALTE P/UÑAS FLUO MAGIC 02;-2;7.7;1;06/01/2012
511;47891003;ESMALTE FLÚO MAGIC 03;-5;7.7;1;23/12/2011
697;47891004;ESMALTE FLÚO MAGIC S.C. 04;-2;7.7;1;03/02/2012
436;47900001;LAPIZ DELINEADOR DE OJOS NEGRO C/SACA. SHI;-11;11.6;1;06/01/2012
328;47910001;LAPIZ DELINEADOR LABIOS C/SACAP. SHI  - BORDO;-3;6.9;1;16/12/2011
732;47910002;LAPIZ DELINEADOR LA LABIOS SHI - NATURAL;-1;11.6;1;06/02/2012
201;47910003;LÁPIZ DELINEADOR P/LABIOS SHI;-2;11.6;1;15/12/2011
624;47910004;LAPÌZ DELINEADOR LABIOS SHI;-1;7.7;1;06/01/2012
719;50000103;MINI COSTURERO DE CARTERA ;-1;10;1;04/02/2012
301;50002001;MOCHILA REDONDA;-2;30.9;1;16/12/2011
478;50006005;pizarra mágica;-5;11.6;1;23/12/2011
519;50060001;MANOPLA ANTICELULITICA/EXFOLIANTE ;-4;11.6;1;23/12/2011
290;5126001;FÉCULA;0;8.6;1;16/12/2011
590;55115001;ANILLO GAUCHITO GIL CHICO;-1;10;1;30/12/2011
792;55702170;anillo elefante con strass;-1;19.3;1;06/03/2012
798;55703002;LLAVERO BUHO ;-1;23.1;1;06/03/2012
770;55704003;PULSERA AMOR ;-1;19.3;1;28/02/2012
626;55900007;ACCESORIO P/CELULAR CORAZON;-1;9.3;1;06/01/2012
797;55900010;MINI CEPILLO + ESPEJO ;-1;7.7;1;06/03/2012
335;5702001;TALCO DESODORANTE P/PIES ;-14;7.7;1;16/12/2011
585;58000001;RELOJ VENUS;-2;54;1;30/12/2011
332;7.79061E+12;PACEPILLOS DENTALES X 3 UNID. ;-3;7.7;1;16/12/2011
557;7.79808E+12;VELA GRACIAS ESPIRITUALES;-12;7.7;1;27/12/2011
704;78356005;REMERA BLANCA C/GÓT FUCSIA ;-4;12;1;03/02/2012
706;78701045;PORTAPLUMINES X 45 UNID. ;-3;13;1;03/02/2012
795;78703001;ESPEJO DEMOSTRADOR ;-1;13;1;06/03/2012
714;80012001;BOLSA FELIZ DIA ;-2;3.3;1;04/02/2012
512;80013002;BOLSA FELIZ 14X28 ESMERILADA ;-1;0.25;1;23/12/2011
628;80015001;PORTACOSMETICOS FLOR;-3;6.7;1;06/01/2012
623;80025003;CAJA ESPECILA MASCULINA ;0;3;1;06/01/2012
802;80050001;BOLSA ECOLOGICA ECO-PLANET;-1;8.5;1;06/03/2012
716;80050002;BOLSA ECOLOGICA  - ECO VIDA ;-1;8.5;1;04/02/2012
442;ACEITE;ACEITE AROMATICO ;-8;9.3;1;20/12/2011
602;AFTER;AFTER SHAVE BLACK;-1;15.4;1;30/12/2011
684;AGENDA;AGENDA ECOLOGICA C/BIROME ;-2;25;1;30/01/2012
688;AIR;GEL CAPILAR MODELADOR AIR ;-5;7.7;1;30/01/2012
814;AIR ALOE;GEL HIDRATANRE PARA DES. DE AFEITAR AIR ;-1;7.7;1;12/03/2012
540;AIRESS;COLONIA CORPORAL AIRESS;-3;15.4;1;24/12/2011
456;AM;HIDRATANTE P/ROSTRO AM;-2;10;1;20/12/2011
389;AMOR;PERFUMANTE X 300 ML AMOR AMOR;0;18.4;1;19/12/2011
788;ANTIAGE;CREMA P/MANOS FRAGANCIAS EXCLUSIVAS ;-1;8.6;1;05/03/2012
741;ATENAS;PULSERA ATENA GRIS ;-1;27;1;09/02/2012
575;BAÑO;BAÑO DE CREMA THERAPY;-20;15.4;1;30/12/2011
473;BEBE;COLONIA MANITOS BEBE ;-4;14.3;1;22/12/2011
683;BOLIGRAFO;BOLIGRAFO MILLANEL ;-1;5;1;30/01/2012
503;BOLSA FELIZ DIA;CAJA FELIZ DIA;-5;3;1;23/12/2011
787;BOLSA KIT;BOLSA PARA KIT MANITOS Y BLACK;-25;0.5;1;05/03/2012
489;BOLSAS;"BOLSA FELIZ/MANITOS/SORPRESA/ ""PARA""/MILLANEL";-274;0.2;1;23/12/2011
586;BRIANO;COLGANTE BRIANO;-1;27;1;30/12/2011
672;BRILLO;BRILLO LABIAL Nº 03 ROSA ;-3;11.6;1;26/01/2012
565;BRILLO 01;BRILLO LABIAL Nº 01;-2;11.6;1;27/12/2011
718;BRILLO 02;BRILLO LABIAL 02;-1;11.6;1;04/02/2012
558;BRILLO 04;BRILLO LABIAL Nº 04;-3;11.6;1;27/12/2011
766;BRUSHING;CEPILLO PARA BRUSHING ;-1;15.4;1;28/02/2012
502;CAJA ESPECIA;CAJA REGALO ESPECIAL ;-3;3;1;23/12/2011
504;CAJA SORPRESA;CAJA SORPRESA;-3;4;1;23/12/2011
567;CATÁLOGO;CATÁLOGO;-1;7;1;28/12/2011
694;CEPILLO;CEPILLO PARA CARTERA ;-2;9.3;1;03/02/2012
613;COLORS;ESMALTE COLORS ;-3;11.7;1;05/01/2012
327;CORAZON;PORTACOSMÉTICOS CORAZÓN ;-1;6.2;1;16/12/2011
481;CORRECTOR;CORRECTOR DE OJERAS;-9;13.9;1;23/12/2011
813;COTTON;CONJUNTO COTTON CAMISETA + CULOTTE;-1;46.2;1;09/03/2012
509;CRAQUELADOR;ESMALTE CRAQUELADOR ;-4;9.2;1;23/12/2011
532;CREMA ETHIOPIA;CREMA P/ MANOS FRAG. EXCLU. ETHIOPIA;-1;8.6;1;24/12/2011
531;CREMA HERA;CREMA P/ MANOS FRAG. EXCLU. HERA;-1;8.6;1;24/12/2011
809;DE FLOR;CREMA CORPOTAL DE FLOR C/VAINILLA;-1;15.4;1;08/03/2012
339;DIFUSOR;DIFUSOR AROMÁTICO ;-40;31;1;19/12/2011
541;DIVA;COLONIA CORPORAL DIVA;-3;15.4;1;24/12/2011
673;DUO;DUO DE SOMBRAS PARA PARPADOS ;-5;23.1;1;28/01/2012
722;ELASTICA;PULSERA ELASTICA ;-1;30.8;1;04/02/2012
791;EMMA;AROS EMMA ;-2;19.3;1;05/03/2012
458;ENERGY;HIDRATANTE C/TE VERDE ENERGY ;-9;11.5;1;20/12/2011
361;ESMALTE;ESMALTE P/UÑAS MILLANEL ;-15;11.6;1;17/12/2011
202;ESMALTES MILLA;ESMALTE MILLA ;0;11.6;1;15/12/2011
390;FAHRENHEIT;PERFUMANTE X 300 ML FAHRENHEIT;0;18.4;1;19/12/2011
428;FEET;JABON EXFOLIANTE Y ANTICEPTICO ;-6;9.3;1;19/12/2011
542;FLOR;COLONIA CORPORAL FLOR;-5;15.4;1;24/12/2011
360;FORTALECEDOR;TRATAMIENTO FORTALECEDOR P/UÑAS ;-1;11.6;1;17/12/2011
614;GEL;JABON EN EL GEL SANIZANTE ;-2;10;1;05/01/2012
482;GEL AIR;GEL CAPILAR MODELADOR;-1;7.7;1;23/12/2011
556;HERA;HERA;0;36.7;1;24/12/2011
429;HERRAMIENTA;SET DE HERRAMIENTAS MULTIFUNCION ;-1;34.7;1;19/12/2011
805;HORNI VERDE;HORNITO VERDE PEQUEÑO ;-3;7.7;1;08/03/2012
713;HORNITO;HORNITO;-1;11.6;1;04/02/2012
491;J LÍQUIDO;JABÓN LÍQUIDO;-3;12.5;1;23/12/2011
467;J.S. COCO;JABÓN SANITIZANTE COCO;0;10;1;21/12/2011
466;J.S. DURAZNO;JABÓN SANITIZANTE DURAZNO;0;10;1;21/12/2011
468;J.S. MELÓN;JABÓN SANITIZANTE MELÓN;0;10;1;21/12/2011
469;J.S. MENTA;JABÓN SANITIZANTE MENTA;0;10;1;21/12/2011
463;J.T. ANTIACNÉ;JABÓN TRATANTE ANTIACNÉ;-2;11.6;1;21/12/2011
465;J.T. CREMOSO;JABÓN TRATANTE CREMOSO HIDRATANTE;0;11.6;1;21/12/2011
464;J.T. LIMPIEZA;JABÓN TRATANTE LIMPIEZA PROFUNDA;-1;11.6;1;21/12/2011
603;JABON;JABON TRATANTE ;-3;11.6;1;30/12/2011
779;JABONERA;JABONERA/ESPONJERA ;-1;9.3;1;01/03/2012
723;JARRO;JARRO TÉRMICO MILLANEL ;-3;15;1;06/02/2012
604;KIT;KIT DE INICIACION ;-17;0;1;30/12/2011
359;LABIAL;LAPIZ LABIAL ULTRAFIJACION ;-16;13.9;1;17/12/2011
566;LIMA PULIDORA;LIMA PULIDORA;-1;4;1;27/12/2011
693;LIQUIDO;JABÓN LÍQUIDO ;-9;13.9;1;03/02/2012
350;MASCARA;MASCARA EXTRA ALARGADORA ;-34;11.6;1;16/12/2011
574;MÁSCARA SHI;MÁSCARA P/ PESTAÑAS SHI;-14;15.4;1;30/12/2011
712;NAIPES;NAIPES GOBLIN;-2;7.7;1;04/02/2012
743;NOTA;NOTA DE PEDIDO ;-3;3.9;1;09/02/2012
460;NUTRI;NUTRITIVA C/TRIGO NUTRI;-6;11.5;1;20/12/2011
438;NUTRITIVA;CREMA NUTRITIVA ;-2;16.7;1;19/12/2011
544;OLIVA ROSTRO;CREMA ANTIAGE P/ ROSTRO OLIVA;-2;11;1;24/12/2011
393;ONE;PERFUMANTE X 300 ML ;-4;18.4;1;09/02/2012
315;PALOMA;PERFUMANTE X 300 ML. PALOMA PICASSO;-1;18.4;1;16/12/2011
665;PASANTES;AROS PASANTES MARGARITAS ;-3;10;1;26/01/2012
591;PERFUMANTE;PERFUMANTE X 60 ML.;-15;11.6;1;30/12/2011
753;PERX300;PERFUMANTE X 300 ML;0;18.4;1;09/02/2012
377;PLUMINES;PLUMINES;-101;1.2;1;19/12/2011
457;PM;HIDRATANTE PM ;-3;10;1;20/12/2011
484;POLVO Nº1;POLVO FACIÁL COMPACTO ;-9;17.7;1;26/01/2012
343;PORTA;PORTA SAHUMERIO METAL;-18;5.7;1;16/12/2011
506;REFLEJO;MI REFLEJO TU REFLEJO;-16;20;1;23/12/2011
620;REFORZADOR;TRATAMIENTO REFORZADOR P/UÑAS ;-2;11.6;1;06/01/2012
302;REP. DIFUSOR;REPUESTO DIFUSOR AROMÁTICO;-20;18.4;1;16/12/2011
398;ROSALES;PERFUMANTE X 300 ML ROSALES EN FLOR;-1;18.4;1;19/12/2011
667;RUBOR;RUBOR COMPACTO ;-5;23.1;1;26/01/2012
717;SABBIA;AROS SABBIA ;-1;19.3;1;04/02/2012
771;SAHUMERIOS;SAHUMERIOS DE LA INDIA X 50 ;-1;7.7;1;01/03/2012
514;SAL;SAL PARA BAÑO 440g.;-6;11.7;1;09/01/2012
772;SEDA;BASE REPARADORA MICROGRA. SEDA;-1;10;1;01/03/2012
477;SET;SET REGALABLE FRAG. ALTER.;-3;41.3;1;09/01/2012
689;SET CEPILLOS;SET DE CEPILLOS MAKE-UP ;-2;15;1;30/01/2012
312;SEXY;COLONIA CORPORAL SEXY;-11;15.4;1;16/12/2011
801;SHAVE;AFTER SHAVE LEGEND ;-5;15.4;1;06/03/2012
459;SOFT;HUMECTANTE SOFT;-1;11.5;1;20/12/2011
401;SOSMISUEÑO;SWEET CAROLINA  SOS MI SUEÑO;-2;20;1;19/12/2011
746;SPLASH;SPLASH CORPORAL 150 ML ;-6;16.2;1;09/02/2012
539;TINA;COLONIA CORPORAL TINA;-2;15.4;1;24/12/2011
705;TOCADOR;JABON DE TOCADOR ;-2;11.6;1;03/02/2012
474;VELAS;VELAS P/HORNITO;-8;9.3;1;22/12/2011
498;VERTEDOR MULTI;VERTEDOR MULTIUSO;-2;6.2;1;23/12/2011
816;X15;SAHUMERIOS SURTIDOS X 15UND. ;-1;7.7;1;12/03/2012
